NTA2020,n_tracts,n_incidents,gini_tracts,crime_type
BK0101,15,1,0.9333333333333333,Murder
BK0102,13,3,0.7692307692307693,Murder
BK0103,10,0,NA,Murder
BK0104,16,7,0.5625,Murder
BK0201,6,0,NA,Murder
BK0202,11,5,0.7636363636363637,Murder
BK0203,11,7,0.7792207792207793,Murder
BK0204,7,2,0.8571428571428571,Murder
BK0301,21,23,0.6004140786749482,Murder
BK0302,23,27,0.5314009661835749,Murder
BK0401,13,6,0.6666666666666666,Murder
BK0402,16,6,0.625,Murder
BK0501,14,15,0.5761904761904761,Murder
BK0502,13,19,0.6072874493927125,Murder
BK0503,14,25,0.5114285714285715,Murder
BK0504,4,3,0.5833333333333334,Murder
BK0505,12,12,0.4027777777777778,Murder
BK0601,21,5,0.7619047619047619,Murder
BK0602,16,5,0.8625,Murder
BK0701,8,0,NA,Murder
BK0702,18,6,0.8148148148148148,Murder
BK0703,14,6,0.6904761904761905,Murder
BK0801,6,3,0.7222222222222222,Murder
BK0802,22,33,0.45041322314049587,Murder
BK0901,13,18,0.5726495726495726,Murder
BK0902,14,4,0.8214285714285714,Murder
BK1001,28,6,0.8452380952380952,Murder
BK1002,17,1,0.9411764705882353,Murder
BK1101,28,10,0.8857142857142857,Murder
BK1102,11,2,0.9090909090909091,Murder
BK1103,16,2,0.875,Murder
BK1201,10,1,0.9,Murder
BK1202,21,3,0.9206349206349206,Murder
BK1203,10,3,0.9,Murder
BK1204,16,1,0.9375,Murder
BK1301,7,1,0.8571428571428571,Murder
BK1302,12,12,0.6388888888888888,Murder
BK1303,8,3,0.7916666666666666,Murder
BK1401,18,13,0.6538461538461539,Murder
BK1402,11,3,0.7272727272727273,Murder
BK1403,16,0,NA,Murder
BK1501,18,2,0.8888888888888888,Murder
BK1502,15,2,0.8666666666666667,Murder
BK1503,20,6,0.9333333333333333,Murder
BK1601,10,12,0.5666666666666667,Murder
BK1602,14,36,0.4603174603174603,Murder
BK1701,11,9,0.3434343434343434,Murder
BK1702,14,12,0.5595238095238095,Murder
BK1703,16,18,0.4513888888888889,Murder
BK1704,9,16,0.5694444444444444,Murder
BK1801,27,6,0.7777777777777778,Murder
BK1802,19,4,0.7894736842105263,Murder
BK1803,34,16,0.7316176470588235,Murder
BX0101,15,30,0.4666666666666667,Murder
BX0102,8,21,0.31547619047619047,Murder
BX0201,6,5,0.6333333333333333,Murder
BX0202,9,22,0.26262626262626265,Murder
BX0301,7,12,0.40476190476190477,Murder
BX0302,6,8,0.5416666666666666,Murder
BX0303,7,12,0.5238095238095238,Murder
BX0401,14,24,0.4583333333333333,Murder
BX0402,5,13,0.4307692307692308,Murder
BX0403,12,18,0.5,Murder
BX0501,13,19,0.29959514170040485,Murder
BX0502,10,31,0.38387096774193546,Murder
BX0503,7,18,0.2698412698412698,Murder
BX0601,5,9,0.4888888888888889,Murder
BX0602,9,25,0.3288888888888889,Murder
BX0603,7,13,0.43956043956043955,Murder
BX0701,9,14,0.3333333333333333,Murder
BX0702,11,12,0.5757575757575758,Murder
BX0703,8,12,0.5208333333333334,Murder
BX0801,6,5,0.43333333333333335,Murder
BX0802,5,3,0.4,Murder
BX0803,14,0,NA,Murder
BX0901,15,26,0.38461538461538464,Murder
BX0902,8,3,0.7916666666666666,Murder
BX0903,9,14,0.6031746031746031,Murder
BX0904,5,1,0.8,Murder
BX1001,5,4,0.2,Murder
BX1002,14,9,0.8174603174603174,Murder
BX1003,6,1,0.8333333333333334,Murder
BX1004,7,2,0.7142857142857143,Murder
BX1101,9,4,0.7222222222222222,Murder
BX1102,10,3,0.7,Murder
BX1103,10,6,0.8,Murder
BX1104,9,8,0.6388888888888888,Murder
BX1201,20,18,0.6111111111111112,Murder
BX1202,12,15,0.5277777777777778,Murder
BX1203,16,13,0.7067307692307693,Murder
MN0101,7,1,0.8571428571428571,Murder
MN0102,5,3,0.6666666666666666,Murder
MN0201,6,6,0.4444444444444444,Murder
MN0202,7,3,0.5714285714285714,Murder
MN0203,7,6,0.5714285714285714,Murder
MN0301,7,12,0.40476190476190477,Murder
MN0302,10,7,0.4714285714285714,Murder
MN0303,14,11,0.6168831168831169,Murder
MN0401,13,11,0.5734265734265734,Murder
MN0402,10,11,0.4636363636363636,Murder
MN0501,8,3,0.7916666666666666,Murder
MN0502,14,11,0.7207792207792207,Murder
MN0601,2,0,NA,Murder
MN0602,4,1,0.75,Murder
MN0603,9,8,0.6388888888888888,Murder
MN0604,10,5,0.86,Murder
MN0701,11,0,NA,Murder
MN0702,12,7,0.75,Murder
MN0703,6,2,0.8333333333333334,Murder
MN0801,14,0,NA,Murder
MN0802,14,4,0.7142857142857143,Murder
MN0803,14,2,0.8571428571428571,Murder
MN0901,8,1,0.875,Murder
MN0902,5,6,0.3333333333333333,Murder
MN0903,7,9,0.47619047619047616,Murder
MN1001,10,17,0.45294117647058824,Murder
MN1002,15,37,0.38198198198198197,Murder
MN1101,11,14,0.45454545454545453,Murder
MN1102,12,25,0.3233333333333333,Murder
MN1201,11,17,0.40641711229946526,Murder
MN1202,12,9,0.6759259259259259,Murder
MN1203,6,10,0.6333333333333333,Murder
QN0101,17,4,0.8529411764705882,Murder
QN0102,6,2,0.8333333333333334,Murder
QN0103,11,2,0.8181818181818182,Murder
QN0104,14,5,0.7571428571428571,Murder
QN0105,12,2,0.8333333333333334,Murder
QN0201,9,0,NA,Murder
QN0202,18,2,0.8888888888888888,Murder
QN0203,14,1,0.9285714285714286,Murder
QN0301,20,5,0.75,Murder
QN0302,10,7,0.4714285714285714,Murder
QN0303,10,5,0.66,Murder
QN0401,23,10,0.7478260869565218,Murder
QN0402,17,7,0.7563025210084033,Murder
QN0501,20,3,0.85,Murder
QN0502,19,6,0.7719298245614035,Murder
QN0503,13,1,0.9230769230769231,Murder
QN0504,14,3,0.7857142857142857,Murder
QN0601,8,1,0.875,Murder
QN0602,24,3,0.875,Murder
QN0701,7,5,0.6285714285714286,Murder
QN0702,7,0,NA,Murder
QN0703,5,0,NA,Murder
QN0704,15,3,0.8888888888888888,Murder
QN0705,14,1,0.9285714285714286,Murder
QN0706,5,1,0.8,Murder
QN0707,14,8,0.6428571428571429,Murder
QN0801,8,2,0.75,Murder
QN0802,8,3,0.7916666666666666,Murder
QN0803,6,0,NA,Murder
QN0804,8,4,0.6875,Murder
QN0805,10,1,0.9,Murder
QN0901,9,0,NA,Murder
QN0902,13,7,0.8131868131868132,Murder
QN0903,9,5,0.6222222222222222,Murder
QN0904,10,3,0.7,Murder
QN0905,13,2,0.8461538461538461,Murder
QN1001,25,8,0.75,Murder
QN1002,7,5,0.2857142857142857,Murder
QN1003,4,1,0.75,Murder
QN1101,13,0,NA,Murder
QN1102,13,3,0.7692307692307693,Murder
QN1103,6,0,NA,Murder
QN1104,5,1,0.8,Murder
QN1201,15,14,0.5714285714285714,Murder
QN1202,14,12,0.4642857142857143,Murder
QN1203,20,9,0.7722222222222223,Murder
QN1204,6,3,0.7222222222222222,Murder
QN1205,23,10,0.7478260869565218,Murder
QN1206,10,2,0.8,Murder
QN1301,6,0,NA,Murder
QN1302,6,3,0.7222222222222222,Murder
QN1303,20,2,0.9,Murder
QN1304,13,0,NA,Murder
QN1305,11,3,0.7272727272727273,Murder
QN1306,7,9,0.6349206349206349,Murder
QN1307,8,2,0.75,Murder
QN1401,11,19,0.5645933014354066,Murder
QN1402,9,3,0.6666666666666666,Murder
QN1403,7,2,0.7142857142857143,Murder
SI0101,6,4,0.6666666666666666,Murder
SI0102,5,8,0.6,Murder
SI0103,7,4,0.7857142857142857,Murder
SI0104,12,4,0.6666666666666666,Murder
SI0105,8,1,0.875,Murder
SI0106,6,3,0.5,Murder
SI0107,8,6,0.25,Murder
SI0201,9,2,0.8888888888888888,Murder
SI0202,6,0,NA,Murder
SI0203,9,0,NA,Murder
SI0204,9,1,0.8888888888888888,Murder
SI0301,5,0,NA,Murder
SI0302,11,3,0.7272727272727273,Murder
SI0303,7,1,0.8571428571428571,Murder
SI0304,7,2,0.7142857142857143,Murder
SI0305,4,1,0.75,Murder
BK0101,15,103,0.3870550161812298,Robbery (outdoor)
BK0102,13,242,0.17482517482517482,Robbery (outdoor)
BK0103,10,85,0.47411764705882353,Robbery (outdoor)
BK0104,16,256,0.3720703125,Robbery (outdoor)
BK0201,6,67,0.36069651741293535,Robbery (outdoor)
BK0202,11,268,0.35278154681139756,Robbery (outdoor)
BK0203,11,154,0.28807556080283353,Robbery (outdoor)
BK0204,7,58,0.20689655172413793,Robbery (outdoor)
BK0301,21,331,0.28312473025463963,Robbery (outdoor)
BK0302,23,409,0.2770277452960561,Robbery (outdoor)
BK0401,13,398,0.2825666795516042,Robbery (outdoor)
BK0402,16,391,0.36684782608695654,Robbery (outdoor)
BK0501,14,252,0.268140589569161,Robbery (outdoor)
BK0502,13,416,0.3798076923076923,Robbery (outdoor)
BK0503,14,425,0.28756302521008403,Robbery (outdoor)
BK0504,4,90,0.55,Robbery (outdoor)
BK0505,12,359,0.3159238625812442,Robbery (outdoor)
BK0601,21,197,0.4853758762388204,Robbery (outdoor)
BK0602,16,143,0.3763111888111888,Robbery (outdoor)
BK0701,8,37,0.16554054054054054,Robbery (outdoor)
BK0702,18,189,0.40828924162257496,Robbery (outdoor)
BK0703,14,177,0.24656981436642453,Robbery (outdoor)
BK0801,6,53,0.3113207547169811,Robbery (outdoor)
BK0802,22,399,0.23319662793347004,Robbery (outdoor)
BK0901,13,130,0.26272189349112424,Robbery (outdoor)
BK0902,14,154,0.2300556586270872,Robbery (outdoor)
BK1001,28,101,0.435997171145686,Robbery (outdoor)
BK1002,17,65,0.4796380090497738,Robbery (outdoor)
BK1101,28,178,0.4193418940609952,Robbery (outdoor)
BK1102,11,43,0.321353065539112,Robbery (outdoor)
BK1103,16,102,0.2806372549019608,Robbery (outdoor)
BK1201,10,91,0.2824175824175824,Robbery (outdoor)
BK1202,21,95,0.4370927318295739,Robbery (outdoor)
BK1203,10,52,0.3192307692307692,Robbery (outdoor)
BK1204,16,35,0.5410714285714285,Robbery (outdoor)
BK1301,7,73,0.273972602739726,Robbery (outdoor)
BK1302,12,223,0.5033632286995515,Robbery (outdoor)
BK1303,8,86,0.3430232558139535,Robbery (outdoor)
BK1401,18,206,0.27939590075512405,Robbery (outdoor)
BK1402,11,72,0.18686868686868688,Robbery (outdoor)
BK1403,16,67,0.40578358208955223,Robbery (outdoor)
BK1501,18,122,0.30965391621129323,Robbery (outdoor)
BK1502,15,77,0.3722943722943723,Robbery (outdoor)
BK1503,20,158,0.3879746835443038,Robbery (outdoor)
BK1601,10,245,0.19387755102040816,Robbery (outdoor)
BK1602,14,367,0.2508758271701051,Robbery (outdoor)
BK1701,11,153,0.31491384432560904,Robbery (outdoor)
BK1702,14,93,0.38018433179723504,Robbery (outdoor)
BK1703,16,163,0.29869631901840493,Robbery (outdoor)
BK1704,9,171,0.2742040285899935,Robbery (outdoor)
BK1801,27,198,0.34754956977179197,Robbery (outdoor)
BK1802,19,77,0.3978127136021873,Robbery (outdoor)
BK1803,34,235,0.39311639549436794,Robbery (outdoor)
BX0101,15,805,0.35677018633540375,Robbery (outdoor)
BX0102,8,627,0.2976475279106858,Robbery (outdoor)
BX0201,6,283,0.4540636042402827,Robbery (outdoor)
BX0202,9,457,0.26793095064429856,Robbery (outdoor)
BX0301,7,384,0.15699404761904762,Robbery (outdoor)
BX0302,6,235,0.2078014184397163,Robbery (outdoor)
BX0303,7,427,0.1518902643024423,Robbery (outdoor)
BX0401,14,594,0.38095238095238093,Robbery (outdoor)
BX0402,5,240,0.15,Robbery (outdoor)
BX0403,12,424,0.26572327044025157,Robbery (outdoor)
BX0501,13,320,0.30288461538461536,Robbery (outdoor)
BX0502,10,383,0.12663185378590078,Robbery (outdoor)
BX0503,7,330,0.296969696969697,Robbery (outdoor)
BX0601,5,197,0.2517766497461929,Robbery (outdoor)
BX0602,9,389,0.2930591259640103,Robbery (outdoor)
BX0603,7,505,0.22065063649222066,Robbery (outdoor)
BX0701,9,507,0.33925049309664695,Robbery (outdoor)
BX0702,11,271,0.25964441462596444,Robbery (outdoor)
BX0703,8,314,0.4394904458598726,Robbery (outdoor)
BX0801,6,136,0.18872549019607843,Robbery (outdoor)
BX0802,5,141,0.23829787234042554,Robbery (outdoor)
BX0803,14,67,0.4573560767590618,Robbery (outdoor)
BX0901,15,791,0.20514117151285294,Robbery (outdoor)
BX0902,8,210,0.3630952380952381,Robbery (outdoor)
BX0903,9,253,0.3952569169960474,Robbery (outdoor)
BX0904,5,103,0.20194174757281552,Robbery (outdoor)
BX1001,5,138,0.2956521739130435,Robbery (outdoor)
BX1002,14,145,0.47832512315270936,Robbery (outdoor)
BX1003,6,79,0.2890295358649789,Robbery (outdoor)
BX1004,7,119,0.5618247298919568,Robbery (outdoor)
BX1101,9,199,0.25795644891122277,Robbery (outdoor)
BX1102,10,99,0.28383838383838383,Robbery (outdoor)
BX1103,10,148,0.4243243243243243,Robbery (outdoor)
BX1104,9,207,0.2490606548577563,Robbery (outdoor)
BX1201,20,531,0.2699623352165725,Robbery (outdoor)
BX1202,12,319,0.23223615464994776,Robbery (outdoor)
BX1203,16,260,0.4634615384615385,Robbery (outdoor)
MN0101,7,84,0.36054421768707484,Robbery (outdoor)
MN0102,5,76,0.3631578947368421,Robbery (outdoor)
MN0201,6,124,0.2956989247311828,Robbery (outdoor)
MN0202,7,222,0.35135135135135137,Robbery (outdoor)
MN0203,7,190,0.20150375939849624,Robbery (outdoor)
MN0301,7,210,0.3768707482993197,Robbery (outdoor)
MN0302,10,292,0.4143835616438356,Robbery (outdoor)
MN0303,14,290,0.3374384236453202,Robbery (outdoor)
MN0401,13,302,0.2898624554253693,Robbery (outdoor)
MN0402,10,317,0.33343848580441643,Robbery (outdoor)
MN0501,8,360,0.23680555555555555,Robbery (outdoor)
MN0502,14,646,0.45975232198142413,Robbery (outdoor)
MN0601,2,7,0.21428571428571427,Robbery (outdoor)
MN0602,4,91,0.07417582417582418,Robbery (outdoor)
MN0603,9,126,0.30687830687830686,Robbery (outdoor)
MN0604,10,103,0.2087378640776699,Robbery (outdoor)
MN0701,11,134,0.25780189959294436,Robbery (outdoor)
MN0702,12,167,0.18712574850299402,Robbery (outdoor)
MN0703,6,126,0.2222222222222222,Robbery (outdoor)
MN0801,14,107,0.43724966622162886,Robbery (outdoor)
MN0802,14,140,0.2724489795918367,Robbery (outdoor)
MN0803,14,86,0.5182724252491694,Robbery (outdoor)
MN0901,8,128,0.375,Robbery (outdoor)
MN0902,5,192,0.3104166666666667,Robbery (outdoor)
MN0903,7,227,0.16236626809314034,Robbery (outdoor)
MN1001,10,329,0.31519756838905777,Robbery (outdoor)
MN1002,15,446,0.17040358744394618,Robbery (outdoor)
MN1101,11,355,0.35441741357234313,Robbery (outdoor)
MN1102,12,631,0.2523771790808241,Robbery (outdoor)
MN1201,11,402,0.30303030303030304,Robbery (outdoor)
MN1202,12,376,0.38430851063829785,Robbery (outdoor)
MN1203,6,235,0.3354609929078014,Robbery (outdoor)
QN0101,17,103,0.4340376927470017,Robbery (outdoor)
QN0102,6,38,0.2543859649122807,Robbery (outdoor)
QN0103,11,110,0.23636363636363636,Robbery (outdoor)
QN0104,14,155,0.2631336405529954,Robbery (outdoor)
QN0105,12,204,0.434640522875817,Robbery (outdoor)
QN0201,9,131,0.40882103477523324,Robbery (outdoor)
QN0202,18,202,0.24972497249724973,Robbery (outdoor)
QN0203,14,227,0.32693517935808686,Robbery (outdoor)
QN0301,20,517,0.4117021276595745,Robbery (outdoor)
QN0302,10,95,0.22421052631578947,Robbery (outdoor)
QN0303,10,355,0.15859154929577465,Robbery (outdoor)
QN0401,23,858,0.4422823553258336,Robbery (outdoor)
QN0402,17,553,0.3354962238059781,Robbery (outdoor)
QN0501,20,69,0.4543478260869565,Robbery (outdoor)
QN0502,19,299,0.37986270022883295,Robbery (outdoor)
QN0503,13,71,0.46803900325027087,Robbery (outdoor)
QN0504,14,41,0.38501742160278746,Robbery (outdoor)
QN0601,8,44,0.3125,Robbery (outdoor)
QN0602,24,103,0.35558252427184467,Robbery (outdoor)
QN0701,7,70,0.2530612244897959,Robbery (outdoor)
QN0702,7,30,0.29523809523809524,Robbery (outdoor)
QN0703,5,11,0.32727272727272727,Robbery (outdoor)
QN0704,15,82,0.4065040650406504,Robbery (outdoor)
QN0705,14,72,0.44841269841269843,Robbery (outdoor)
QN0706,5,99,0.3151515151515151,Robbery (outdoor)
QN0707,14,393,0.4636495819701927,Robbery (outdoor)
QN0801,8,43,0.3168604651162791,Robbery (outdoor)
QN0802,8,45,0.5194444444444445,Robbery (outdoor)
QN0803,6,47,0.43617021276595747,Robbery (outdoor)
QN0804,8,40,0.43125,Robbery (outdoor)
QN0805,10,137,0.48832116788321167,Robbery (outdoor)
QN0901,9,34,0.3006535947712418,Robbery (outdoor)
QN0902,13,123,0.3689806128830519,Robbery (outdoor)
QN0903,9,91,0.21978021978021978,Robbery (outdoor)
QN0904,10,109,0.3403669724770642,Robbery (outdoor)
QN0905,13,103,0.42718446601941745,Robbery (outdoor)
QN1001,25,341,0.3275073313782991,Robbery (outdoor)
QN1002,7,123,0.281068524970964,Robbery (outdoor)
QN1003,4,55,0.29545454545454547,Robbery (outdoor)
QN1101,13,49,0.35478806907378335,Robbery (outdoor)
QN1102,13,52,0.46449704142011833,Robbery (outdoor)
QN1103,6,13,0.3717948717948718,Robbery (outdoor)
QN1104,5,27,0.4,Robbery (outdoor)
QN1201,15,710,0.3340845070422535,Robbery (outdoor)
QN1202,14,171,0.39055973266499583,Robbery (outdoor)
QN1203,20,116,0.3,Robbery (outdoor)
QN1204,6,62,0.46774193548387094,Robbery (outdoor)
QN1205,23,115,0.35614366729678637,Robbery (outdoor)
QN1206,10,106,0.38301886792452833,Robbery (outdoor)
QN1301,6,15,0.5444444444444444,Robbery (outdoor)
QN1302,6,35,0.16666666666666666,Robbery (outdoor)
QN1303,20,100,0.435,Robbery (outdoor)
QN1304,13,42,0.42857142857142855,Robbery (outdoor)
QN1305,11,42,0.4199134199134199,Robbery (outdoor)
QN1306,7,75,0.49142857142857144,Robbery (outdoor)
QN1307,8,58,0.2672413793103448,Robbery (outdoor)
QN1401,11,184,0.3349802371541502,Robbery (outdoor)
QN1402,9,87,0.3065134099616858,Robbery (outdoor)
QN1403,7,21,0.6394557823129252,Robbery (outdoor)
SI0101,6,101,0.27887788778877887,Robbery (outdoor)
SI0102,5,82,0.3902439024390244,Robbery (outdoor)
SI0103,7,42,0.2653061224489796,Robbery (outdoor)
SI0104,12,57,0.4546783625730994,Robbery (outdoor)
SI0105,8,23,0.375,Robbery (outdoor)
SI0106,6,106,0.330188679245283,Robbery (outdoor)
SI0107,8,66,0.25,Robbery (outdoor)
SI0201,9,47,0.3215130023640662,Robbery (outdoor)
SI0202,6,28,0.27380952380952384,Robbery (outdoor)
SI0203,9,16,0.25,Robbery (outdoor)
SI0204,9,32,0.5138888888888888,Robbery (outdoor)
SI0301,5,5,0.56,Robbery (outdoor)
SI0302,11,23,0.2608695652173913,Robbery (outdoor)
SI0303,7,9,0.3492063492063492,Robbery (outdoor)
SI0304,7,17,0.4369747899159664,Robbery (outdoor)
SI0305,4,17,0.4264705882352941,Robbery (outdoor)
BK0101,15,268,0.41592039800995023,Felony assault
BK0102,13,497,0.265284011762885,Felony assault
BK0103,10,251,0.5812749003984063,Felony assault
BK0104,16,683,0.3952232796486091,Felony assault
BK0201,6,97,0.45532646048109965,Felony assault
BK0202,11,1195,0.3812856599467478,Felony assault
BK0203,11,484,0.37302779864763336,Felony assault
BK0204,7,175,0.23183673469387756,Felony assault
BK0301,21,1321,0.2826141811758769,Felony assault
BK0302,23,1622,0.28601297378437784,Felony assault
BK0401,13,833,0.20260411857050512,Felony assault
BK0402,16,802,0.258572319201995,Felony assault
BK0501,14,677,0.2714707744249842,Felony assault
BK0502,13,1214,0.26207071347104294,Felony assault
BK0503,14,1257,0.2082623025343789,Felony assault
BK0504,4,274,0.42883211678832117,Felony assault
BK0505,12,923,0.27979414951245934,Felony assault
BK0601,21,645,0.575562938353636,Felony assault
BK0602,16,325,0.4775,Felony assault
BK0701,8,65,0.4673076923076923,Felony assault
BK0702,18,602,0.3863049095607235,Felony assault
BK0703,14,545,0.2038007863695937,Felony assault
BK0801,6,172,0.313953488372093,Felony assault
BK0802,22,1581,0.29138634926111207,Felony assault
BK0901,13,592,0.3354989604989605,Felony assault
BK0902,14,662,0.3282261545101424,Felony assault
BK1001,28,334,0.41894781864841746,Felony assault
BK1002,17,177,0.385510136257893,Felony assault
BK1101,28,453,0.23833175654367708,Felony assault
BK1102,11,146,0.36612702366127026,Felony assault
BK1103,16,307,0.32105048859934854,Felony assault
BK1201,10,249,0.27670682730923696,Felony assault
BK1202,21,273,0.3561834990406419,Felony assault
BK1203,10,203,0.37980295566502464,Felony assault
BK1204,16,131,0.20181297709923665,Felony assault
BK1301,7,241,0.30468286899822167,Felony assault
BK1302,12,981,0.45047570506286105,Felony assault
BK1303,8,330,0.22803030303030303,Felony assault
BK1401,18,925,0.20546546546546546,Felony assault
BK1402,11,339,0.22633413783856263,Felony assault
BK1403,16,208,0.40805288461538464,Felony assault
BK1501,18,292,0.3234398782343988,Felony assault
BK1502,15,232,0.43448275862068964,Felony assault
BK1503,20,524,0.48835877862595417,Felony assault
BK1601,10,1003,0.3085742771684945,Felony assault
BK1602,14,1823,0.23285792649478881,Felony assault
BK1701,11,916,0.2296546248511314,Felony assault
BK1702,14,483,0.3015380065069506,Felony assault
BK1703,16,701,0.2807596291012839,Felony assault
BK1704,9,959,0.36287799791449427,Felony assault
BK1801,27,513,0.3562197675258104,Felony assault
BK1802,19,156,0.47638326585695007,Felony assault
BK1803,34,811,0.33506201494161164,Felony assault
BX0101,15,2091,0.3241830065359477,Felony assault
BX0102,8,1744,0.27938646788990823,Felony assault
BX0201,6,1226,0.5494834148994019,Felony assault
BX0202,9,1210,0.25252525252525254,Felony assault
BX0301,7,1217,0.14649606761356967,Felony assault
BX0302,6,800,0.3,Felony assault
BX0303,7,816,0.23844537815126052,Felony assault
BX0401,14,1783,0.31059209999198784,Felony assault
BX0402,5,929,0.16576964477933262,Felony assault
BX0403,12,1434,0.21664342166434217,Felony assault
BX0501,13,1156,0.3408304498269896,Felony assault
BX0502,10,1502,0.17869507323568576,Felony assault
BX0503,7,896,0.20758928571428573,Felony assault
BX0601,5,621,0.3046698872785829,Felony assault
BX0602,9,1125,0.2322962962962963,Felony assault
BX0603,7,927,0.22931114193250116,Felony assault
BX0701,9,1105,0.3046757164404223,Felony assault
BX0702,11,903,0.20577871740662437,Felony assault
BX0703,8,836,0.22697368421052633,Felony assault
BX0801,6,346,0.220616570327553,Felony assault
BX0802,5,313,0.34760383386581467,Felony assault
BX0803,14,156,0.38644688644688646,Felony assault
BX0901,15,1534,0.17592351151673186,Felony assault
BX0902,8,583,0.2626500857632933,Felony assault
BX0903,9,679,0.2997872688594338,Felony assault
BX0904,5,318,0.09685534591194969,Felony assault
BX1001,5,313,0.2134185303514377,Felony assault
BX1002,14,451,0.4119417168197656,Felony assault
BX1003,6,275,0.2696969696969697,Felony assault
BX1004,7,226,0.40075853350189633,Felony assault
BX1101,9,466,0.22889842632331903,Felony assault
BX1102,10,273,0.4421245421245421,Felony assault
BX1103,10,320,0.5625,Felony assault
BX1104,9,631,0.269765803838704,Felony assault
BX1201,20,1496,0.33342245989304814,Felony assault
BX1202,12,957,0.33063392546151166,Felony assault
BX1203,16,933,0.4220927116827438,Felony assault
MN0101,7,380,0.28421052631578947,Felony assault
MN0102,5,477,0.42348008385744235,Felony assault
MN0201,6,220,0.2590909090909091,Felony assault
MN0202,7,464,0.37807881773399016,Felony assault
MN0203,7,380,0.3218045112781955,Felony assault
MN0301,7,573,0.24781849912739964,Felony assault
MN0302,10,765,0.3739869281045752,Felony assault
MN0303,14,775,0.2487557603686636,Felony assault
MN0401,13,747,0.32293275666769644,Felony assault
MN0402,10,750,0.3821333333333333,Felony assault
MN0501,8,830,0.3421686746987952,Felony assault
MN0502,14,1489,0.5192842751607023,Felony assault
MN0601,2,27,0.12962962962962962,Felony assault
MN0602,4,201,0.17288557213930347,Felony assault
MN0603,9,583,0.45816657137411854,Felony assault
MN0604,10,277,0.37725631768953066,Felony assault
MN0701,11,352,0.4581611570247934,Felony assault
MN0702,12,438,0.3287671232876712,Felony assault
MN0703,6,399,0.38220551378446116,Felony assault
MN0801,14,284,0.30533199195171024,Felony assault
MN0802,14,238,0.3619447779111645,Felony assault
MN0803,14,276,0.4808488612836439,Felony assault
MN0901,8,338,0.48298816568047337,Felony assault
MN0902,5,471,0.3184713375796178,Felony assault
MN0903,7,676,0.1382079459002536,Felony assault
MN1001,10,907,0.2464167585446527,Felony assault
MN1002,15,1960,0.19925170068027212,Felony assault
MN1101,11,1380,0.31554677206851117,Felony assault
MN1102,12,1927,0.23521017125064866,Felony assault
MN1201,11,1020,0.32887700534759357,Felony assault
MN1202,12,747,0.392570281124498,Felony assault
MN1203,6,525,0.3780952380952381,Felony assault
QN0101,17,292,0.3561643835616438,Felony assault
QN0102,6,197,0.43908629441624364,Felony assault
QN0103,11,322,0.26256352343308864,Felony assault
QN0104,14,404,0.3023338048090523,Felony assault
QN0105,12,783,0.3930395913154534,Felony assault
QN0201,9,269,0.35852953325072284,Felony assault
QN0202,18,365,0.21750380517503806,Felony assault
QN0203,14,368,0.3563664596273292,Felony assault
QN0301,20,859,0.33311990686845167,Felony assault
QN0302,10,324,0.21790123456790123,Felony assault
QN0303,10,666,0.19099099099099098,Felony assault
QN0401,23,1571,0.3805939169180528,Felony assault
QN0402,17,1151,0.22507282669801196,Felony assault
QN0501,20,263,0.2876425855513308,Felony assault
QN0502,19,528,0.25199362041467305,Felony assault
QN0503,13,228,0.3582995951417004,Felony assault
QN0504,14,149,0.387823585810163,Felony assault
QN0601,8,164,0.3704268292682927,Felony assault
QN0602,24,325,0.4403846153846154,Felony assault
QN0701,7,236,0.28934624697336564,Felony assault
QN0702,7,64,0.36160714285714285,Felony assault
QN0703,5,66,0.2909090909090909,Felony assault
QN0704,15,239,0.27280334728033473,Felony assault
QN0705,14,176,0.3555194805194805,Felony assault
QN0706,5,167,0.1437125748502994,Felony assault
QN0707,14,777,0.32496782496782495,Felony assault
QN0801,8,174,0.2686781609195402,Felony assault
QN0802,8,291,0.4531786941580756,Felony assault
QN0803,6,81,0.3395061728395062,Felony assault
QN0804,8,106,0.37028301886792453,Felony assault
QN0805,10,256,0.4125,Felony assault
QN0901,9,159,0.4779874213836478,Felony assault
QN0902,13,436,0.3944954128440367,Felony assault
QN0903,9,259,0.16473616473616473,Felony assault
QN0904,10,219,0.20228310502283106,Felony assault
QN0905,13,243,0.28110161443494774,Felony assault
QN1001,25,1133,0.2540511915269197,Felony assault
QN1002,7,234,0.28815628815628813,Felony assault
QN1003,4,168,0.19047619047619047,Felony assault
QN1101,13,131,0.26541397533763944,Felony assault
QN1102,13,153,0.342885872297637,Felony assault
QN1103,6,58,0.13793103448275862,Felony assault
QN1104,5,61,0.31475409836065577,Felony assault
QN1201,15,1841,0.35118594966503713,Felony assault
QN1202,14,787,0.32555817752768196,Felony assault
QN1203,20,626,0.331629392971246,Felony assault
QN1204,6,306,0.3420479302832244,Felony assault
QN1205,23,506,0.3562467777968723,Felony assault
QN1206,10,312,0.30128205128205127,Felony assault
QN1301,6,102,0.4803921568627451,Felony assault
QN1302,6,192,0.2552083333333333,Felony assault
QN1303,20,511,0.38679060665362036,Felony assault
QN1304,13,132,0.3578088578088578,Felony assault
QN1305,11,230,0.35968379446640314,Felony assault
QN1306,7,362,0.5177584846093133,Felony assault
QN1307,8,256,0.16796875,Felony assault
QN1401,11,961,0.2921199508088166,Felony assault
QN1402,9,646,0.1568627450980392,Felony assault
QN1403,7,117,0.5763125763125763,Felony assault
SI0101,6,511,0.17318982387475537,Felony assault
SI0102,5,465,0.4447311827956989,Felony assault
SI0103,7,267,0.39807383627608345,Felony assault
SI0104,12,345,0.44371980676328504,Felony assault
SI0105,8,111,0.20157657657657657,Felony assault
SI0106,6,383,0.25718015665796345,Felony assault
SI0107,8,367,0.17813351498637603,Felony assault
SI0201,9,277,0.41716807059767347,Felony assault
SI0202,6,172,0.2558139534883721,Felony assault
SI0203,9,108,0.3004115226337449,Felony assault
SI0204,9,191,0.2815590459569517,Felony assault
SI0301,5,101,0.3920792079207921,Felony assault
SI0302,11,124,0.3196480938416422,Felony assault
SI0303,7,78,0.20146520146520147,Felony assault
SI0304,7,135,0.26666666666666666,Felony assault
SI0305,4,87,0.1235632183908046,Felony assault
BK0101,15,275,0.3267878787878788,Burglary
BK0102,13,647,0.27939602900963023,Burglary
BK0103,10,211,0.26587677725118486,Burglary
BK0104,16,690,0.2554347826086957,Burglary
BK0201,6,180,0.2462962962962963,Burglary
BK0202,11,620,0.42346041055718475,Burglary
BK0203,11,232,0.39733542319749215,Burglary
BK0204,7,212,0.27628032345013476,Burglary
BK0301,21,743,0.26571813112862913,Burglary
BK0302,23,665,0.20241909120627657,Burglary
BK0401,13,474,0.1765660499837715,Burglary
BK0402,16,419,0.16810859188544153,Burglary
BK0501,14,236,0.14527845036319612,Burglary
BK0502,13,335,0.330195177956372,Burglary
BK0503,14,359,0.2290091524074811,Burglary
BK0504,4,87,0.5373563218390804,Burglary
BK0505,12,252,0.29298941798941797,Burglary
BK0601,21,526,0.30526887561108096,Burglary
BK0602,16,420,0.4669642857142857,Burglary
BK0701,8,90,0.2361111111111111,Burglary
BK0702,18,332,0.3135876840696118,Burglary
BK0703,14,235,0.2993920972644377,Burglary
BK0801,6,137,0.18856447688564476,Burglary
BK0802,22,558,0.28185076572173345,Burglary
BK0901,13,152,0.2165991902834008,Burglary
BK0902,14,209,0.20334928229665072,Burglary
BK1001,28,224,0.3596938775510204,Burglary
BK1002,17,137,0.2988407041648776,Burglary
BK1101,28,339,0.27886641382216604,Burglary
BK1102,11,109,0.2902418682235196,Burglary
BK1103,16,237,0.2824367088607595,Burglary
BK1201,10,97,0.34329896907216495,Burglary
BK1202,21,180,0.2634920634920635,Burglary
BK1203,10,135,0.2614814814814815,Burglary
BK1204,16,140,0.2625,Burglary
BK1301,7,113,0.1845764854614412,Burglary
BK1302,12,244,0.40095628415300544,Burglary
BK1303,8,172,0.3430232558139535,Burglary
BK1401,18,219,0.22856418061897513,Burglary
BK1402,11,142,0.2855313700384123,Burglary
BK1403,16,176,0.23082386363636365,Burglary
BK1501,18,210,0.28359788359788357,Burglary
BK1502,15,214,0.3165109034267913,Burglary
BK1503,20,331,0.41465256797583083,Burglary
BK1601,10,260,0.2076923076923077,Burglary
BK1602,14,433,0.2393599472121412,Burglary
BK1701,11,306,0.2578728461081402,Burglary
BK1702,14,143,0.34115884115884115,Burglary
BK1703,16,143,0.28365384615384615,Burglary
BK1704,9,203,0.21565407772304324,Burglary
BK1801,27,211,0.31139196068106023,Burglary
BK1802,19,146,0.36553713049747655,Burglary
BK1803,34,217,0.3473841149362971,Burglary
BX0101,15,812,0.2883415435139573,Burglary
BX0102,8,646,0.2871517027863777,Burglary
BX0201,6,412,0.24110032362459546,Burglary
BX0202,9,345,0.2975845410628019,Burglary
BX0301,7,467,0.08810033649434078,Burglary
BX0302,6,184,0.35688405797101447,Burglary
BX0303,7,336,0.2653061224489796,Burglary
BX0401,14,787,0.5580867671083681,Burglary
BX0402,5,216,0.2074074074074074,Burglary
BX0403,12,442,0.361236802413273,Burglary
BX0501,13,303,0.27722772277227725,Burglary
BX0502,10,369,0.1943089430894309,Burglary
BX0503,7,200,0.21571428571428572,Burglary
BX0601,5,177,0.3502824858757062,Burglary
BX0602,9,316,0.2109704641350211,Burglary
BX0603,7,554,0.2521918514698298,Burglary
BX0701,9,287,0.31281455671699576,Burglary
BX0702,11,301,0.266384778012685,Burglary
BX0703,8,207,0.2433574879227053,Burglary
BX0801,6,125,0.292,Burglary
BX0802,5,201,0.2965174129353234,Burglary
BX0803,14,205,0.3613240418118467,Burglary
BX0901,15,585,0.21492877492877493,Burglary
BX0902,8,259,0.3296332046332046,Burglary
BX0903,9,254,0.36395450568678916,Burglary
BX0904,5,133,0.33383458646616543,Burglary
BX1001,5,167,0.38083832335329343,Burglary
BX1002,14,187,0.39228418640183343,Burglary
BX1003,6,111,0.34384384384384387,Burglary
BX1004,7,76,0.6052631578947368,Burglary
BX1101,9,175,0.24888888888888888,Burglary
BX1102,10,153,0.26601307189542484,Burglary
BX1103,10,133,0.32857142857142857,Burglary
BX1104,9,231,0.2751322751322751,Burglary
BX1201,20,434,0.35184331797235024,Burglary
BX1202,12,309,0.23058252427184467,Burglary
BX1203,16,300,0.3279166666666667,Burglary
MN0101,7,249,0.306368330464716,Burglary
MN0102,5,307,0.4052117263843648,Burglary
MN0201,6,664,0.20883534136546184,Burglary
MN0202,7,563,0.3242831768586653,Burglary
MN0203,7,755,0.32885525070955535,Burglary
MN0301,7,263,0.3639326453014666,Burglary
MN0302,10,522,0.4517241379310345,Burglary
MN0303,14,848,0.38443396226415094,Burglary
MN0401,13,666,0.2681912681912682,Burglary
MN0402,10,491,0.2983706720977597,Burglary
MN0501,8,1492,0.3671246648793566,Burglary
MN0502,14,930,0.3953917050691244,Burglary
MN0601,2,35,0.24285714285714285,Burglary
MN0602,4,253,0.24802371541501977,Burglary
MN0603,9,433,0.3525789068514242,Burglary
MN0604,10,311,0.3051446945337621,Burglary
MN0701,11,309,0.4236540158870256,Burglary
MN0702,12,578,0.1395617070357555,Burglary
MN0703,6,343,0.15014577259475217,Burglary
MN0801,14,342,0.5459482038429407,Burglary
MN0802,14,427,0.32703245232519235,Burglary
MN0803,14,297,0.4134199134199134,Burglary
MN0901,8,201,0.3215174129353234,Burglary
MN0902,5,159,0.3119496855345912,Burglary
MN0903,7,252,0.1417233560090703,Burglary
MN1001,10,435,0.2852873563218391,Burglary
MN1002,15,652,0.2541922290388548,Burglary
MN1101,11,480,0.2412878787878788,Burglary
MN1102,12,676,0.16592702169625245,Burglary
MN1201,11,420,0.3346320346320346,Burglary
MN1202,12,369,0.3471093044263776,Burglary
MN1203,6,193,0.20639032815198619,Burglary
QN0101,17,169,0.37382526975287156,Burglary
QN0102,6,75,0.23777777777777778,Burglary
QN0103,11,203,0.1961486789072996,Burglary
QN0104,14,154,0.3395176252319109,Burglary
QN0105,12,265,0.2959119496855346,Burglary
QN0201,9,305,0.41894353369763204,Burglary
QN0202,18,268,0.337893864013267,Burglary
QN0203,14,284,0.30533199195171024,Burglary
QN0301,20,376,0.2978723404255319,Burglary
QN0302,10,138,0.21014492753623187,Burglary
QN0303,10,126,0.19206349206349208,Burglary
QN0401,23,569,0.34752044013142813,Burglary
QN0402,17,196,0.2118847539015606,Burglary
QN0501,20,236,0.2055084745762712,Burglary
QN0502,19,354,0.3024085637823372,Burglary
QN0503,13,119,0.3891402714932127,Burglary
QN0504,14,135,0.3433862433862434,Burglary
QN0601,8,178,0.18398876404494383,Burglary
QN0602,24,343,0.2695578231292517,Burglary
QN0701,7,254,0.27109111361079863,Burglary
QN0702,7,204,0.24649859943977592,Burglary
QN0703,5,123,0.367479674796748,Burglary
QN0704,15,512,0.21510416666666668,Burglary
QN0705,14,214,0.21428571428571427,Burglary
QN0706,5,195,0.10256410256410256,Burglary
QN0707,14,553,0.3597261689485921,Burglary
QN0801,8,127,0.406496062992126,Burglary
QN0802,8,206,0.27548543689320387,Burglary
QN0803,6,274,0.20559610705596107,Burglary
QN0804,8,187,0.3054812834224599,Burglary
QN0805,10,129,0.3,Burglary
QN0901,9,79,0.27566807313642755,Burglary
QN0902,13,121,0.3178639542275906,Burglary
QN0903,9,59,0.3615819209039548,Burglary
QN0904,10,85,0.32588235294117646,Burglary
QN0905,13,141,0.3033278777959629,Burglary
QN1001,25,337,0.273946587537092,Burglary
QN1002,7,103,0.3356449375866852,Burglary
QN1003,4,102,0.20588235294117646,Burglary
QN1101,13,405,0.25982905982905985,Burglary
QN1102,13,414,0.1939799331103679,Burglary
QN1103,6,226,0.22713864306784662,Burglary
QN1104,5,245,0.24816326530612245,Burglary
QN1201,15,535,0.4234267912772586,Burglary
QN1202,14,215,0.3272425249169435,Burglary
QN1203,20,134,0.31492537313432833,Burglary
QN1204,6,76,0.44298245614035087,Burglary
QN1205,23,161,0.45206589251957874,Burglary
QN1206,10,127,0.36141732283464567,Burglary
QN1301,6,116,0.40804597701149425,Burglary
QN1302,6,156,0.3311965811965812,Burglary
QN1303,20,233,0.3796137339055794,Burglary
QN1304,13,41,0.43151969981238275,Burglary
QN1305,11,81,0.31200897867564537,Burglary
QN1306,7,88,0.4577922077922078,Burglary
QN1307,8,91,0.2651098901098901,Burglary
QN1401,11,245,0.24192949907235622,Burglary
QN1402,9,165,0.21414141414141413,Burglary
QN1403,7,99,0.5425685425685426,Burglary
SI0101,6,96,0.1388888888888889,Burglary
SI0102,5,124,0.36451612903225805,Burglary
SI0103,7,79,0.28933092224231466,Burglary
SI0104,12,103,0.3470873786407767,Burglary
SI0105,8,75,0.265,Burglary
SI0106,6,87,0.2049808429118774,Burglary
SI0107,8,93,0.20295698924731181,Burglary
SI0201,9,124,0.23476702508960573,Burglary
SI0202,6,101,0.3448844884488449,Burglary
SI0203,9,101,0.3146314631463146,Burglary
SI0204,9,123,0.3143631436314363,Burglary
SI0301,5,39,0.28717948717948716,Burglary
SI0302,11,58,0.2884012539184953,Burglary
SI0303,7,30,0.2571428571428571,Burglary
SI0304,7,83,0.17900172117039587,Burglary
SI0305,4,68,0.38235294117647056,Burglary
BK0101,15,939,0.3673411430599929,Grand larceny
BK0102,13,2123,0.2956628863364615,Grand larceny
BK0103,10,499,0.2979959919839679,Grand larceny
BK0104,16,1786,0.37891937290033595,Grand larceny
BK0201,6,567,0.30011757789535565,Grand larceny
BK0202,11,2270,0.41105326391670005,Grand larceny
BK0203,11,859,0.4828024129537517,Grand larceny
BK0204,7,466,0.12446351931330472,Grand larceny
BK0301,21,1388,0.2688349114862083,Grand larceny
BK0302,23,1688,0.2216670100968473,Grand larceny
BK0401,13,1571,0.24482201439553444,Grand larceny
BK0402,16,1067,0.25779053420806,Grand larceny
BK0501,14,562,0.215556685307575,Grand larceny
BK0502,13,847,0.24775224775224775,Grand larceny
BK0503,14,1150,0.2536645962732919,Grand larceny
BK0504,4,873,0.5919243986254296,Grand larceny
BK0505,12,747,0.3033244087460955,Grand larceny
BK0601,21,1078,0.2699885148864741,Grand larceny
BK0602,16,1306,0.41223200612557426,Grand larceny
BK0701,8,224,0.1875,Grand larceny
BK0702,18,910,0.3231990231990232,Grand larceny
BK0703,14,1084,0.345545598313126,Grand larceny
BK0801,6,359,0.2381615598885794,Grand larceny
BK0802,22,1385,0.1949130292090581,Grand larceny
BK0901,13,608,0.19331983805668015,Grand larceny
BK0902,14,641,0.22297749052819255,Grand larceny
BK1001,28,1015,0.35809289232934555,Grand larceny
BK1002,17,572,0.3329905388728918,Grand larceny
BK1101,28,1154,0.2518568952711067,Grand larceny
BK1102,11,380,0.23349282296650717,Grand larceny
BK1103,16,903,0.3136074197120709,Grand larceny
BK1201,10,571,0.34273204903677756,Grand larceny
BK1202,21,661,0.1615157409408544,Grand larceny
BK1203,10,389,0.21722365038560412,Grand larceny
BK1204,16,404,0.255259900990099,Grand larceny
BK1301,7,417,0.15690304898937993,Grand larceny
BK1302,12,942,0.4672682236376504,Grand larceny
BK1303,8,459,0.18600217864923746,Grand larceny
BK1401,18,899,0.27271041898405635,Grand larceny
BK1402,11,414,0.17391304347826086,Grand larceny
BK1403,16,551,0.2637250453720508,Grand larceny
BK1501,18,706,0.3101983002832861,Grand larceny
BK1502,15,594,0.3333333333333333,Grand larceny
BK1503,20,1077,0.31323119777158775,Grand larceny
BK1601,10,646,0.21981424148606812,Grand larceny
BK1602,14,908,0.2616425424795469,Grand larceny
BK1701,11,881,0.23960375606232587,Grand larceny
BK1702,14,484,0.1936245572609209,Grand larceny
BK1703,16,632,0.2565268987341772,Grand larceny
BK1704,9,570,0.2631578947368421,Grand larceny
BK1801,27,1067,0.34010205144225764,Grand larceny
BK1802,19,1205,0.6200480454247652,Grand larceny
BK1803,34,962,0.2933227344992051,Grand larceny
BX0101,15,1806,0.33392395717977114,Grand larceny
BX0102,8,1471,0.42054724677090416,Grand larceny
BX0201,6,608,0.32510964912280704,Grand larceny
BX0202,9,1064,0.3005430242272348,Grand larceny
BX0301,7,771,0.19269964795256625,Grand larceny
BX0302,6,469,0.21997157071783938,Grand larceny
BX0303,7,797,0.28069546513712135,Grand larceny
BX0401,14,1712,0.4533544726301736,Grand larceny
BX0402,5,464,0.23275862068965517,Grand larceny
BX0403,12,1046,0.20427023581899298,Grand larceny
BX0501,13,885,0.23641894828335505,Grand larceny
BX0502,10,924,0.21363636363636362,Grand larceny
BX0503,7,830,0.3215146299483649,Grand larceny
BX0601,5,440,0.16818181818181818,Grand larceny
BX0602,9,787,0.3583227445997459,Grand larceny
BX0603,7,969,0.2276278932625682,Grand larceny
BX0701,9,1066,0.2968521992912237,Grand larceny
BX0702,11,792,0.3507805325987144,Grand larceny
BX0703,8,886,0.25648984198645597,Grand larceny
BX0801,6,636,0.17348008385744235,Grand larceny
BX0802,5,896,0.20669642857142856,Grand larceny
BX0803,14,1103,0.3004144540862583,Grand larceny
BX0901,15,1607,0.1822028624766646,Grand larceny
BX0902,8,811,0.3786991368680641,Grand larceny
BX0903,9,1085,0.3332309267793139,Grand larceny
BX0904,5,562,0.04697508896797153,Grand larceny
BX1001,5,432,0.30185185185185187,Grand larceny
BX1002,14,865,0.3,Grand larceny
BX1003,6,497,0.2391012743125419,Grand larceny
BX1004,7,759,0.6169772256728778,Grand larceny
BX1101,9,722,0.19575253924284394,Grand larceny
BX1102,10,639,0.2768388106416275,Grand larceny
BX1103,10,630,0.2714285714285714,Grand larceny
BX1104,9,675,0.1231275720164609,Grand larceny
BX1201,20,1113,0.23346810422282122,Grand larceny
BX1202,12,1123,0.24614128821608786,Grand larceny
BX1203,16,1033,0.26651742497579867,Grand larceny
MN0101,7,2115,0.2099290780141844,Grand larceny
MN0102,5,1281,0.27853239656518347,Grand larceny
MN0201,6,3042,0.3346482577251808,Grand larceny
MN0202,7,2870,0.3042309606769537,Grand larceny
MN0203,7,2697,0.26558610095873725,Grand larceny
MN0301,7,1223,0.3709846980492933,Grand larceny
MN0302,10,2255,0.4917516629711752,Grand larceny
MN0303,14,3040,0.34544172932330824,Grand larceny
MN0401,13,3326,0.2686063185161201,Grand larceny
MN0402,10,2346,0.2887468030690537,Grand larceny
MN0501,8,5526,0.3528773072747014,Grand larceny
MN0502,14,9411,0.26881157308317016,Grand larceny
MN0601,2,201,0.2860696517412935,Grand larceny
MN0602,4,908,0.1844713656387665,Grand larceny
MN0603,9,1891,0.3230507080321993,Grand larceny
MN0604,10,1740,0.1996551724137931,Grand larceny
MN0701,11,2146,0.3540625264763196,Grand larceny
MN0702,12,2112,0.13257575757575757,Grand larceny
MN0703,6,937,0.10618996798292422,Grand larceny
MN0801,14,2235,0.49910514541387024,Grand larceny
MN0802,14,2676,0.17077727952167415,Grand larceny
MN0803,14,1695,0.34205646860514116,Grand larceny
MN0901,8,973,0.27530832476875644,Grand larceny
MN0902,5,658,0.23404255319148937,Grand larceny
MN0903,7,1116,0.12365591397849462,Grand larceny
MN1001,10,1654,0.3130592503022975,Grand larceny
MN1002,15,1597,0.17090377791692757,Grand larceny
MN1101,11,1408,0.2662706611570248,Grand larceny
MN1102,12,2052,0.21141975308641975,Grand larceny
MN1201,11,1337,0.2921057999592031,Grand larceny
MN1202,12,1516,0.3619173262972735,Grand larceny
MN1203,6,682,0.21114369501466276,Grand larceny
QN0101,17,710,0.3232808616404308,Grand larceny
QN0102,6,198,0.12289562289562289,Grand larceny
QN0103,11,794,0.16670483169223724,Grand larceny
QN0104,14,768,0.3502604166666667,Grand larceny
QN0105,12,819,0.27665852665852664,Grand larceny
QN0201,9,963,0.33114110995730933,Grand larceny
QN0202,18,989,0.27642961465003935,Grand larceny
QN0203,14,831,0.2785800240673887,Grand larceny
QN0301,20,1968,0.3565040650406504,Grand larceny
QN0302,10,481,0.24594594594594596,Grand larceny
QN0303,10,482,0.23195020746887968,Grand larceny
QN0401,23,3051,0.507403132258846,Grand larceny
QN0402,17,994,0.2844123564918925,Grand larceny
QN0501,20,775,0.3161935483870968,Grand larceny
QN0502,19,1028,0.30585705508908456,Grand larceny
QN0503,13,527,0.4063640344475259,Grand larceny
QN0504,14,393,0.2717193747728099,Grand larceny
QN0601,8,561,0.33578431372549017,Grand larceny
QN0602,24,1123,0.37255120213713266,Grand larceny
QN0701,7,579,0.35726622255119667,Grand larceny
QN0702,7,338,0.16229923922231615,Grand larceny
QN0703,5,231,0.3238095238095238,Grand larceny
QN0704,15,629,0.281293057763646,Grand larceny
QN0705,14,338,0.22147083685545224,Grand larceny
QN0706,5,335,0.09432835820895523,Grand larceny
QN0707,14,2510,0.5699487763232783,Grand larceny
QN0801,8,457,0.2524617067833698,Grand larceny
QN0802,8,449,0.22912026726057907,Grand larceny
QN0803,6,451,0.3122690317812269,Grand larceny
QN0804,8,364,0.32142857142857145,Grand larceny
QN0805,10,538,0.3282527881040892,Grand larceny
QN0901,9,212,0.3522012578616352,Grand larceny
QN0902,13,379,0.2861782017454841,Grand larceny
QN0903,9,188,0.20921985815602837,Grand larceny
QN0904,10,253,0.22015810276679842,Grand larceny
QN0905,13,318,0.20367682631833575,Grand larceny
QN1001,25,1407,0.354001421464108,Grand larceny
QN1002,7,458,0.23206487835308795,Grand larceny
QN1003,4,483,0.2375776397515528,Grand larceny
QN1101,13,643,0.2016987677951908,Grand larceny
QN1102,13,807,0.1936898293775617,Grand larceny
QN1103,6,407,0.128992628992629,Grand larceny
QN1104,5,361,0.11412742382271468,Grand larceny
QN1201,15,1711,0.32932008571985194,Grand larceny
QN1202,14,519,0.20960638590696395,Grand larceny
QN1203,20,579,0.3978411053540587,Grand larceny
QN1204,6,285,0.30116959064327486,Grand larceny
QN1205,23,477,0.32212195788898,Grand larceny
QN1206,10,290,0.26,Grand larceny
QN1301,6,250,0.216,Grand larceny
QN1302,6,343,0.20068027210884354,Grand larceny
QN1303,20,727,0.2997936726272352,Grand larceny
QN1304,13,179,0.20025784271594327,Grand larceny
QN1305,11,328,0.28713968957871394,Grand larceny
QN1306,7,436,0.5334207077326344,Grand larceny
QN1307,8,325,0.215,Grand larceny
QN1401,11,606,0.23882388238823882,Grand larceny
QN1402,9,452,0.3387413962635202,Grand larceny
QN1403,7,256,0.24107142857142858,Grand larceny
SI0101,6,290,0.2908045977011494,Grand larceny
SI0102,5,255,0.30745098039215685,Grand larceny
SI0103,7,237,0.23990355635925256,Grand larceny
SI0104,12,373,0.3147899910634495,Grand larceny
SI0105,8,343,0.21829446064139943,Grand larceny
SI0106,6,336,0.19543650793650794,Grand larceny
SI0107,8,352,0.22443181818181818,Grand larceny
SI0201,9,461,0.1643769583032056,Grand larceny
SI0202,6,433,0.306774441878368,Grand larceny
SI0203,9,288,0.15817901234567902,Grand larceny
SI0204,9,709,0.44381758345086975,Grand larceny
SI0301,5,244,0.27377049180327867,Grand larceny
SI0302,11,495,0.14398530762167125,Grand larceny
SI0303,7,270,0.13756613756613756,Grand larceny
SI0304,7,331,0.16573154941735002,Grand larceny
SI0305,4,332,0.3072289156626506,Grand larceny
BK0101,15,6,0.7777777777777778,Shootings
BK0102,13,10,0.6923076923076923,Shootings
BK0103,10,7,0.7571428571428571,Shootings
BK0104,16,28,0.5357142857142857,Shootings
BK0201,6,1,0.8333333333333334,Shootings
BK0202,11,18,0.6767676767676768,Shootings
BK0203,11,29,0.6018808777429467,Shootings
BK0204,7,6,0.38095238095238093,Shootings
BK0301,21,62,0.4715821812596006,Shootings
BK0302,23,102,0.3273657289002558,Shootings
BK0401,13,15,0.49230769230769234,Shootings
BK0402,16,28,0.41964285714285715,Shootings
BK0501,14,37,0.4420849420849421,Shootings
BK0502,13,59,0.4172099087353325,Shootings
BK0503,14,72,0.375,Shootings
BK0504,4,9,0.3055555555555556,Shootings
BK0505,12,48,0.4791666666666667,Shootings
BK0601,21,30,0.746031746031746,Shootings
BK0602,16,10,0.5875,Shootings
BK0701,8,0,NA,Shootings
BK0702,18,11,0.7323232323232324,Shootings
BK0703,14,7,0.6224489795918368,Shootings
BK0801,6,11,0.7121212121212122,Shootings
BK0802,22,103,0.4240953221535746,Shootings
BK0901,13,32,0.5432692307692307,Shootings
BK0902,14,19,0.5601503759398496,Shootings
BK1001,28,6,0.8452380952380952,Shootings
BK1002,17,0,NA,Shootings
BK1101,28,4,0.9107142857142857,Shootings
BK1102,11,1,0.9090909090909091,Shootings
BK1103,16,5,0.7875,Shootings
BK1201,10,5,0.5,Shootings
BK1202,21,2,0.9047619047619048,Shootings
BK1203,10,1,0.9,Shootings
BK1204,16,0,NA,Shootings
BK1301,7,8,0.7142857142857143,Shootings
BK1302,12,30,0.5611111111111111,Shootings
BK1303,8,3,0.7916666666666666,Shootings
BK1401,18,38,0.41812865497076024,Shootings
BK1402,11,6,0.45454545454545453,Shootings
BK1403,16,5,0.6875,Shootings
BK1501,18,3,0.8333333333333334,Shootings
BK1502,15,2,0.8666666666666667,Shootings
BK1503,20,23,0.8586956521739131,Shootings
BK1601,10,50,0.344,Shootings
BK1602,14,135,0.1962962962962963,Shootings
BK1701,11,29,0.40752351097178685,Shootings
BK1702,14,25,0.43142857142857144,Shootings
BK1703,16,36,0.4131944444444444,Shootings
BK1704,9,51,0.47058823529411764,Shootings
BK1801,27,22,0.632996632996633,Shootings
BK1802,19,6,0.8245614035087719,Shootings
BK1803,34,57,0.5815273477812177,Shootings
BX0101,15,90,0.40444444444444444,Shootings
BX0102,8,75,0.195,Shootings
BX0201,6,28,0.4642857142857143,Shootings
BX0202,9,46,0.28019323671497587,Shootings
BX0301,7,48,0.27380952380952384,Shootings
BX0302,6,44,0.19696969696969696,Shootings
BX0303,7,39,0.29304029304029305,Shootings
BX0401,14,75,0.46190476190476193,Shootings
BX0402,5,31,0.18064516129032257,Shootings
BX0403,12,62,0.29301075268817206,Shootings
BX0501,13,47,0.3436988543371522,Shootings
BX0502,10,74,0.23513513513513515,Shootings
BX0503,7,49,0.2857142857142857,Shootings
BX0601,5,34,0.4235294117647059,Shootings
BX0602,9,53,0.27672955974842767,Shootings
BX0603,7,37,0.3552123552123552,Shootings
BX0701,9,40,0.35,Shootings
BX0702,11,19,0.6028708133971292,Shootings
BX0703,8,26,0.3269230769230769,Shootings
BX0801,6,7,0.5,Shootings
BX0802,5,13,0.5230769230769231,Shootings
BX0803,14,2,0.8571428571428571,Shootings
BX0901,15,64,0.35208333333333336,Shootings
BX0902,8,28,0.4642857142857143,Shootings
BX0903,9,27,0.2962962962962963,Shootings
BX0904,5,5,0.56,Shootings
BX1001,5,12,0.4,Shootings
BX1002,14,12,0.8452380952380952,Shootings
BX1003,6,2,0.6666666666666666,Shootings
BX1004,7,8,0.6071428571428571,Shootings
BX1101,9,8,0.5833333333333334,Shootings
BX1102,10,10,0.78,Shootings
BX1103,10,19,0.7526315789473684,Shootings
BX1104,9,25,0.43555555555555553,Shootings
BX1201,20,55,0.5881818181818181,Shootings
BX1202,12,48,0.3993055555555556,Shootings
BX1203,16,31,0.6270161290322581,Shootings
MN0101,7,0,NA,Shootings
MN0102,5,2,0.6,Shootings
MN0201,6,6,0.2777777777777778,Shootings
MN0202,7,4,0.42857142857142855,Shootings
MN0203,7,2,0.7142857142857143,Shootings
MN0301,7,19,0.22556390977443608,Shootings
MN0302,10,24,0.4166666666666667,Shootings
MN0303,14,18,0.6507936507936508,Shootings
MN0401,13,12,0.5769230769230769,Shootings
MN0402,10,21,0.3761904761904762,Shootings
MN0501,8,6,0.4583333333333333,Shootings
MN0502,14,12,0.7261904761904762,Shootings
MN0601,2,0,NA,Shootings
MN0602,4,0,NA,Shootings
MN0603,9,3,0.8148148148148148,Shootings
MN0604,10,2,0.9,Shootings
MN0701,11,10,0.6909090909090909,Shootings
MN0702,12,5,0.7166666666666667,Shootings
MN0703,6,10,0.6,Shootings
MN0801,14,3,0.7857142857142857,Shootings
MN0802,14,2,0.8571428571428571,Shootings
MN0803,14,4,0.8214285714285714,Shootings
MN0901,8,10,0.675,Shootings
MN0902,5,23,0.33043478260869563,Shootings
MN0903,7,22,0.36363636363636365,Shootings
MN1001,10,55,0.40545454545454546,Shootings
MN1002,15,98,0.28435374149659864,Shootings
MN1101,11,48,0.4090909090909091,Shootings
MN1102,12,89,0.29119850187265917,Shootings
MN1201,11,29,0.3824451410658307,Shootings
MN1202,12,29,0.46264367816091956,Shootings
MN1203,6,36,0.4722222222222222,Shootings
QN0101,17,11,0.5454545454545454,Shootings
QN0102,6,13,0.8076923076923077,Shootings
QN0103,11,1,0.9090909090909091,Shootings
QN0104,14,20,0.5714285714285714,Shootings
QN0105,12,15,0.7611111111111111,Shootings
QN0201,9,7,0.6666666666666666,Shootings
QN0202,18,6,0.7592592592592593,Shootings
QN0203,14,4,0.8928571428571429,Shootings
QN0301,20,10,0.66,Shootings
QN0302,10,6,0.6666666666666666,Shootings
QN0303,10,3,0.8333333333333334,Shootings
QN0401,23,15,0.7420289855072464,Shootings
QN0402,17,13,0.5248868778280543,Shootings
QN0501,20,5,0.83,Shootings
QN0502,19,10,0.7157894736842105,Shootings
QN0503,13,5,0.7384615384615385,Shootings
QN0504,14,1,0.9285714285714286,Shootings
QN0601,8,0,NA,Shootings
QN0602,24,4,0.8333333333333334,Shootings
QN0701,7,8,0.6071428571428571,Shootings
QN0702,7,2,0.7142857142857143,Shootings
QN0703,5,1,0.8,Shootings
QN0704,15,2,0.8666666666666667,Shootings
QN0705,14,1,0.9285714285714286,Shootings
QN0706,5,1,0.8,Shootings
QN0707,14,15,0.5571428571428572,Shootings
QN0801,8,5,0.675,Shootings
QN0802,8,8,0.84375,Shootings
QN0803,6,2,0.8333333333333334,Shootings
QN0804,8,2,0.75,Shootings
QN0805,10,3,0.7,Shootings
QN0901,9,2,0.7777777777777778,Shootings
QN0902,13,15,0.7384615384615385,Shootings
QN0903,9,6,0.6666666666666666,Shootings
QN0904,10,3,0.7,Shootings
QN0905,13,6,0.7435897435897436,Shootings
QN1001,25,19,0.5515789473684211,Shootings
QN1002,7,6,0.5238095238095238,Shootings
QN1003,4,0,NA,Shootings
QN1101,13,0,NA,Shootings
QN1102,13,4,0.6923076923076923,Shootings
QN1103,6,1,0.8333333333333334,Shootings
QN1104,5,3,0.6666666666666666,Shootings
QN1201,15,39,0.4752136752136752,Shootings
QN1202,14,26,0.5439560439560439,Shootings
QN1203,20,33,0.45,Shootings
QN1204,6,13,0.3974358974358974,Shootings
QN1205,23,22,0.6403162055335968,Shootings
QN1206,10,9,0.5444444444444444,Shootings
QN1301,6,0,NA,Shootings
QN1302,6,1,0.8333333333333334,Shootings
QN1303,20,9,0.7166666666666667,Shootings
QN1304,13,3,0.7692307692307693,Shootings
QN1305,11,12,0.3484848484848485,Shootings
QN1306,7,9,0.5714285714285714,Shootings
QN1307,8,10,0.475,Shootings
QN1401,11,47,0.4835589941972921,Shootings
QN1402,9,35,0.273015873015873,Shootings
QN1403,7,1,0.8571428571428571,Shootings
SI0101,6,19,0.2543859649122807,Shootings
SI0102,5,13,0.46153846153846156,Shootings
SI0103,7,10,0.6857142857142857,Shootings
SI0104,12,10,0.6166666666666667,Shootings
SI0105,8,4,0.8125,Shootings
SI0106,6,6,0.6111111111111112,Shootings
SI0107,8,8,0,Shootings
SI0201,9,3,0.8148148148148148,Shootings
SI0202,6,0,NA,Shootings
SI0203,9,1,0.8888888888888888,Shootings
SI0204,9,1,0.8888888888888888,Shootings
SI0301,5,0,NA,Shootings
SI0302,11,1,0.9090909090909091,Shootings
SI0303,7,0,NA,Shootings
SI0304,7,4,0.7857142857142857,Shootings
SI0305,4,0,NA,Shootings
BK0101,15,14,0.6,Gun violence
BK0102,13,26,0.46745562130177515,Gun violence
BK0103,10,26,0.6692307692307692,Gun violence
BK0104,16,97,0.5405927835051546,Gun violence
BK0201,6,2,0.6666666666666666,Gun violence
BK0202,11,56,0.5746753246753247,Gun violence
BK0203,11,95,0.5645933014354066,Gun violence
BK0204,7,19,0.40601503759398494,Gun violence
BK0301,21,247,0.44457297088876035,Gun violence
BK0302,23,287,0.34691713376761096,Gun violence
BK0401,13,46,0.35785953177257523,Gun violence
BK0402,16,105,0.37202380952380953,Gun violence
BK0501,14,101,0.29490806223479493,Gun violence
BK0502,13,190,0.3473684210526316,Gun violence
BK0503,14,272,0.2494747899159664,Gun violence
BK0504,4,32,0.484375,Gun violence
BK0505,12,172,0.437015503875969,Gun violence
BK0601,21,106,0.7511230907457322,Gun violence
BK0602,16,18,0.5138888888888888,Gun violence
BK0701,8,2,0.75,Gun violence
BK0702,18,29,0.6187739463601533,Gun violence
BK0703,14,18,0.5396825396825397,Gun violence
BK0801,6,36,0.6666666666666666,Gun violence
BK0802,22,286,0.41449459631277813,Gun violence
BK0901,13,96,0.48878205128205127,Gun violence
BK0902,14,72,0.3353174603174603,Gun violence
BK1001,28,19,0.8139097744360902,Gun violence
BK1002,17,2,0.8823529411764706,Gun violence
BK1101,28,8,0.8660714285714286,Gun violence
BK1102,11,2,0.8181818181818182,Gun violence
BK1103,16,11,0.6988636363636364,Gun violence
BK1201,10,15,0.5266666666666666,Gun violence
BK1202,21,4,0.8809523809523809,Gun violence
BK1203,10,9,0.6111111111111112,Gun violence
BK1204,16,4,0.84375,Gun violence
BK1301,7,36,0.5873015873015873,Gun violence
BK1302,12,126,0.5661375661375662,Gun violence
BK1303,8,9,0.8194444444444444,Gun violence
BK1401,18,115,0.3570048309178744,Gun violence
BK1402,11,18,0.45454545454545453,Gun violence
BK1403,16,8,0.609375,Gun violence
BK1501,18,9,0.6728395061728395,Gun violence
BK1502,15,3,0.8,Gun violence
BK1503,20,75,0.806,Gun violence
BK1601,10,135,0.2851851851851852,Gun violence
BK1602,14,446,0.21620755925688662,Gun violence
BK1701,11,76,0.361244019138756,Gun violence
BK1702,14,79,0.36980108499095843,Gun violence
BK1703,16,150,0.225,Gun violence
BK1704,9,164,0.2899728997289973,Gun violence
BK1801,27,93,0.5057745917960972,Gun violence
BK1802,19,18,0.6432748538011696,Gun violence
BK1803,34,228,0.4476264189886481,Gun violence
BX0101,15,305,0.36721311475409835,Gun violence
BX0102,8,205,0.16402439024390245,Gun violence
BX0201,6,68,0.4117647058823529,Gun violence
BX0202,9,148,0.36186186186186187,Gun violence
BX0301,7,192,0.18154761904761904,Gun violence
BX0302,6,156,0.2564102564102564,Gun violence
BX0303,7,115,0.2708074534161491,Gun violence
BX0401,14,208,0.40865384615384615,Gun violence
BX0402,5,110,0.09818181818181818,Gun violence
BX0403,12,157,0.27123142250530785,Gun violence
BX0501,13,132,0.29836829836829837,Gun violence
BX0502,10,190,0.22105263157894736,Gun violence
BX0503,7,119,0.3553421368547419,Gun violence
BX0601,5,119,0.49411764705882355,Gun violence
BX0602,9,151,0.22663723325974983,Gun violence
BX0603,7,130,0.3274725274725275,Gun violence
BX0701,9,113,0.3303834808259587,Gun violence
BX0702,11,75,0.48484848484848486,Gun violence
BX0703,8,58,0.21982758620689655,Gun violence
BX0801,6,24,0.25,Gun violence
BX0802,5,30,0.52,Gun violence
BX0803,14,6,0.5714285714285714,Gun violence
BX0901,15,184,0.2246376811594203,Gun violence
BX0902,8,99,0.4356060606060606,Gun violence
BX0903,9,86,0.3178294573643411,Gun violence
BX0904,5,32,0.375,Gun violence
BX1001,5,36,0.35555555555555557,Gun violence
BX1002,14,34,0.6470588235294118,Gun violence
BX1003,6,14,0.5,Gun violence
BX1004,7,42,0.4489795918367347,Gun violence
BX1101,9,30,0.3851851851851852,Gun violence
BX1102,10,15,0.62,Gun violence
BX1103,10,74,0.7567567567567568,Gun violence
BX1104,9,97,0.38717067583046966,Gun violence
BX1201,20,218,0.3876146788990826,Gun violence
BX1202,12,219,0.3283866057838661,Gun violence
BX1203,16,160,0.49765625,Gun violence
MN0101,7,1,0.8571428571428571,Gun violence
MN0102,5,4,0.5,Gun violence
MN0201,6,14,0.42857142857142855,Gun violence
MN0202,7,5,0.5142857142857142,Gun violence
MN0203,7,4,0.42857142857142855,Gun violence
MN0301,7,52,0.3626373626373626,Gun violence
MN0302,10,70,0.42,Gun violence
MN0303,14,38,0.5037593984962406,Gun violence
MN0401,13,32,0.5144230769230769,Gun violence
MN0402,10,37,0.3,Gun violence
MN0501,8,13,0.3942307692307692,Gun violence
MN0502,14,34,0.6050420168067226,Gun violence
MN0601,2,0,NA,Gun violence
MN0602,4,1,0.75,Gun violence
MN0603,9,10,0.8222222222222222,Gun violence
MN0604,10,5,0.86,Gun violence
MN0701,11,35,0.638961038961039,Gun violence
MN0702,12,23,0.4528985507246377,Gun violence
MN0703,6,49,0.5544217687074829,Gun violence
MN0801,14,8,0.6428571428571429,Gun violence
MN0802,14,3,0.8809523809523809,Gun violence
MN0803,14,9,0.8809523809523809,Gun violence
MN0901,8,51,0.7083333333333334,Gun violence
MN0902,5,62,0.43870967741935485,Gun violence
MN0903,7,79,0.2640144665461121,Gun violence
MN1001,10,145,0.3468965517241379,Gun violence
MN1002,15,304,0.21710526315789475,Gun violence
MN1101,11,243,0.39356528245417133,Gun violence
MN1102,12,370,0.25135135135135134,Gun violence
MN1201,11,88,0.3512396694214876,Gun violence
MN1202,12,74,0.4572072072072072,Gun violence
MN1203,6,110,0.44242424242424244,Gun violence
QN0101,17,34,0.5397923875432526,Gun violence
QN0102,6,42,0.6904761904761905,Gun violence
QN0103,11,13,0.4755244755244755,Gun violence
QN0104,14,58,0.5763546798029556,Gun violence
QN0105,12,79,0.6213080168776371,Gun violence
QN0201,9,11,0.5252525252525253,Gun violence
QN0202,18,16,0.6111111111111112,Gun violence
QN0203,14,13,0.6868131868131868,Gun violence
QN0301,20,23,0.6195652173913043,Gun violence
QN0302,10,17,0.4647058823529412,Gun violence
QN0303,10,6,0.7666666666666667,Gun violence
QN0401,23,35,0.675776397515528,Gun violence
QN0402,17,35,0.4470588235294118,Gun violence
QN0501,20,17,0.6558823529411765,Gun violence
QN0502,19,23,0.5720823798627003,Gun violence
QN0503,13,16,0.6923076923076923,Gun violence
QN0504,14,1,0.9285714285714286,Gun violence
QN0601,8,2,0.875,Gun violence
QN0602,24,10,0.825,Gun violence
QN0701,7,17,0.3697478991596639,Gun violence
QN0702,7,7,0.5714285714285714,Gun violence
QN0703,5,4,0.2,Gun violence
QN0704,15,7,0.7238095238095238,Gun violence
QN0705,14,4,0.8928571428571429,Gun violence
QN0706,5,6,0.5333333333333333,Gun violence
QN0707,14,27,0.4894179894179894,Gun violence
QN0801,8,12,0.4166666666666667,Gun violence
QN0802,8,19,0.7302631578947368,Gun violence
QN0803,6,5,0.7666666666666667,Gun violence
QN0804,8,2,0.75,Gun violence
QN0805,10,3,0.7,Gun violence
QN0901,9,5,0.7111111111111111,Gun violence
QN0902,13,30,0.5948717948717949,Gun violence
QN0903,9,13,0.47863247863247865,Gun violence
QN0904,10,16,0.3625,Gun violence
QN0905,13,28,0.5659340659340659,Gun violence
QN1001,25,56,0.39714285714285713,Gun violence
QN1002,7,21,0.43537414965986393,Gun violence
QN1003,4,12,0.375,Gun violence
QN1101,13,2,0.8461538461538461,Gun violence
QN1102,13,9,0.7863247863247863,Gun violence
QN1103,6,5,0.6333333333333333,Gun violence
QN1104,5,7,0.45714285714285713,Gun violence
QN1201,15,84,0.373015873015873,Gun violence
QN1202,14,114,0.3684210526315789,Gun violence
QN1203,20,102,0.4235294117647059,Gun violence
QN1204,6,64,0.2916666666666667,Gun violence
QN1205,23,131,0.3385330235645536,Gun violence
QN1206,10,36,0.4722222222222222,Gun violence
QN1301,6,0,NA,Gun violence
QN1302,6,2,0.6666666666666666,Gun violence
QN1303,20,37,0.5445945945945946,Gun violence
QN1304,13,22,0.6083916083916084,Gun violence
QN1305,11,58,0.3887147335423197,Gun violence
QN1306,7,36,0.5396825396825397,Gun violence
QN1307,8,36,0.3958333333333333,Gun violence
QN1401,11,166,0.3176341730558598,Gun violence
QN1402,9,144,0.2638888888888889,Gun violence
QN1403,7,4,0.42857142857142855,Gun violence
SI0101,6,62,0.3333333333333333,Gun violence
SI0102,5,59,0.5220338983050847,Gun violence
SI0103,7,44,0.6818181818181818,Gun violence
SI0104,12,42,0.6150793650793651,Gun violence
SI0105,8,5,0.775,Gun violence
SI0106,6,36,0.48148148148148145,Gun violence
SI0107,8,61,0.3094262295081967,Gun violence
SI0201,9,7,0.6666666666666666,Gun violence
SI0202,6,4,0.5833333333333334,Gun violence
SI0203,9,5,0.7555555555555555,Gun violence
SI0204,9,4,0.5555555555555556,Gun violence
SI0301,5,3,0.4,Gun violence
SI0302,11,5,0.6909090909090909,Gun violence
SI0303,7,3,0.5714285714285714,Gun violence
SI0304,7,9,0.5396825396825397,Gun violence
SI0305,4,0,NA,Gun violence
BK0101,15,487,0.4344969199178645,Violent crime
BK0102,13,990,0.29665889665889666,Violent crime
BK0103,10,398,0.5331658291457286,Violent crime
BK0104,16,1137,0.3631816182937555,Violent crime
BK0201,6,213,0.44366197183098594,Violent crime
BK0202,11,1930,0.3536504945831371,Violent crime
BK0203,11,753,0.3665338645418327,Violent crime
BK0204,7,326,0.25153374233128833,Violent crime
BK0301,21,2050,0.3040650406504065,Violent crime
BK0302,23,2491,0.2882027472815178,Violent crime
BK0401,13,1465,0.19721711735363612,Violent crime
BK0402,16,1508,0.32418766578249336,Violent crime
BK0501,14,1111,0.2682911148257683,Violent crime
BK0502,13,2155,0.3391754417276459,Violent crime
BK0503,14,2032,0.23502530933633295,Violent crime
BK0504,4,495,0.4893939393939394,Violent crime
BK0505,12,1510,0.2667770419426049,Violent crime
BK0601,21,1005,0.5184553423359394,Violent crime
BK0602,16,625,0.4547,Violent crime
BK0701,8,122,0.32786885245901637,Violent crime
BK0702,18,1016,0.4098862642169729,Violent crime
BK0703,14,797,0.19671984226563902,Violent crime
BK0801,6,262,0.26717557251908397,Violent crime
BK0802,22,2410,0.2926442851754055,Violent crime
BK0901,13,827,0.32127243977304437,Violent crime
BK0902,14,1018,0.3178501262980634,Violent crime
BK1001,28,546,0.4213762428048142,Violent crime
BK1002,17,268,0.3990342405618964,Violent crime
BK1101,28,765,0.2825863678804855,Violent crime
BK1102,11,261,0.4339951236502961,Violent crime
BK1103,16,473,0.3016649048625793,Violent crime
BK1201,10,395,0.23670886075949368,Violent crime
BK1202,21,457,0.4295092216317599,Violent crime
BK1203,10,288,0.3576388888888889,Violent crime
BK1204,16,188,0.24933510638297873,Violent crime
BK1301,7,369,0.22144792876500194,Violent crime
BK1302,12,1500,0.47444444444444445,Violent crime
BK1303,8,470,0.24148936170212765,Violent crime
BK1401,18,1394,0.2158456878686434,Violent crime
BK1402,11,557,0.28660029378162233,Violent crime
BK1403,16,329,0.3748100303951368,Violent crime
BK1501,18,576,0.3740354938271605,Violent crime
BK1502,15,366,0.42477231329690346,Violent crime
BK1503,20,827,0.4571342200725514,Violent crime
BK1601,10,1498,0.26755674232309745,Violent crime
BK1602,14,2755,0.26183562354161266,Violent crime
BK1701,11,1389,0.30433928922049874,Violent crime
BK1702,14,651,0.3009655475093263,Violent crime
BK1703,16,995,0.2812185929648241,Violent crime
BK1704,9,1348,0.34602703593801515,Violent crime
BK1801,27,889,0.3521226513352498,Violent crime
BK1802,19,305,0.4873166522864538,Violent crime
BK1803,34,1208,0.34626996493961826,Violent crime
BX0101,15,3607,0.34721375103964514,Violent crime
BX0102,8,2869,0.29387417218543044,Violent crime
BX0201,6,1781,0.45489425416432716,Violent crime
BX0202,9,2033,0.26507077663004863,Violent crime
BX0301,7,2002,0.2079349222206365,Violent crime
BX0302,6,1367,0.2671299683004145,Violent crime
BX0303,7,1483,0.20537520470089587,Violent crime
BX0401,14,2842,0.3289936664320901,Violent crime
BX0402,5,1326,0.1429864253393665,Violent crime
BX0403,12,2325,0.27437275985663084,Violent crime
BX0501,13,1674,0.3213859020310633,Violent crime
BX0502,10,2305,0.17635574837310194,Violent crime
BX0503,7,1500,0.2337142857142857,Violent crime
BX0601,5,976,0.2827868852459016,Violent crime
BX0602,9,1756,0.22589217919514046,Violent crime
BX0603,7,1741,0.18938212849757938,Violent crime
BX0701,9,1910,0.31553228621291446,Violent crime
BX0702,11,1375,0.20125619834710745,Violent crime
BX0703,8,1487,0.339862138533961,Violent crime
BX0801,6,555,0.17807807807807807,Violent crime
BX0802,5,646,0.25882352941176473,Violent crime
BX0803,14,253,0.4277244494635799,Violent crime
BX0901,15,2715,0.1718354818907305,Violent crime
BX0902,8,1107,0.32486449864498645,Violent crime
BX0903,9,1123,0.336004749183734,Violent crime
BX0904,5,529,0.04612476370510397,Violent crime
BX1001,5,544,0.2625,Violent crime
BX1002,14,772,0.4637305699481865,Violent crime
BX1003,6,414,0.2971014492753623,Violent crime
BX1004,7,442,0.5035552682611506,Violent crime
BX1101,9,783,0.23442599687810417,Violent crime
BX1102,10,522,0.4827586206896552,Violent crime
BX1103,10,551,0.48947368421052634,Violent crime
BX1104,9,1025,0.2597289972899729,Violent crime
BX1201,20,2380,0.3183613445378151,Violent crime
BX1202,12,1705,0.3505865102639296,Violent crime
BX1203,16,1413,0.4261765746638358,Violent crime
MN0101,7,654,0.3394495412844037,Violent crime
MN0102,5,759,0.2671936758893281,Violent crime
MN0201,6,529,0.20384373030875866,Violent crime
MN0202,7,941,0.3273113708820404,Violent crime
MN0203,7,782,0.29850200949945194,Violent crime
MN0301,7,967,0.25675875313931157,Violent crime
MN0302,10,1321,0.34118092354277063,Violent crime
MN0303,14,1409,0.2722802392781101,Violent crime
MN0401,13,1502,0.33637201679811535,Violent crime
MN0402,10,1343,0.3827997021593447,Violent crime
MN0501,8,1781,0.34397810218978103,Violent crime
MN0502,14,2867,0.4944192535751657,Violent crime
MN0601,2,42,0.19047619047619047,Violent crime
MN0602,4,434,0.1693548387096774,Violent crime
MN0603,9,920,0.39951690821256036,Violent crime
MN0604,10,562,0.33487544483985765,Violent crime
MN0701,11,656,0.39634146341463417,Violent crime
MN0702,12,880,0.2596590909090909,Violent crime
MN0703,6,714,0.2404295051353875,Violent crime
MN0801,14,525,0.3307482993197279,Violent crime
MN0802,14,615,0.3799070847851336,Violent crime
MN0803,14,525,0.4583673469387755,Violent crime
MN0901,8,572,0.4392482517482518,Violent crime
MN0902,5,848,0.3419811320754717,Violent crime
MN0903,7,1088,0.16018907563025211,Violent crime
MN1001,10,1547,0.2661279896574014,Violent crime
MN1002,15,3006,0.1982257706808605,Violent crime
MN1101,11,2174,0.31680187337961024,Violent crime
MN1102,12,3086,0.23828040613523438,Violent crime
MN1201,11,1748,0.3006032868733098,Violent crime
MN1202,12,1385,0.401985559566787,Violent crime
MN1203,6,884,0.35444947209653094,Violent crime
QN0101,17,470,0.35168961201501875,Violent crime
QN0102,6,273,0.4242979242979243,Violent crime
QN0103,11,618,0.33980582524271846,Violent crime
QN0104,14,647,0.2758887171561051,Violent crime
QN0105,12,1107,0.3848991267690455,Violent crime
QN0201,9,586,0.3704967766401214,Violent crime
QN0202,18,695,0.23669064748201438,Violent crime
QN0203,14,699,0.31504189658696097,Violent crime
QN0301,20,1665,0.39474474474474475,Violent crime
QN0302,10,472,0.17415254237288136,Violent crime
QN0303,10,1094,0.16654478976234002,Violent crime
QN0401,23,2924,0.4047165883542497,Violent crime
QN0402,17,1879,0.2231474814513352,Violent crime
QN0501,20,374,0.2989304812834225,Violent crime
QN0502,19,1092,0.29477540003855796,Violent crime
QN0503,13,350,0.3991208791208791,Violent crime
QN0504,14,215,0.38704318936877075,Violent crime
QN0601,8,282,0.31382978723404253,Violent crime
QN0602,24,561,0.4415478312537136,Violent crime
QN0701,7,364,0.22448979591836735,Violent crime
QN0702,7,113,0.3008849557522124,Violent crime
QN0703,5,81,0.3111111111111111,Violent crime
QN0704,15,373,0.3049151027703306,Violent crime
QN0705,14,293,0.3766455387615797,Violent crime
QN0706,5,289,0.19930795847750865,Violent crime
QN0707,14,1555,0.43624253559944876,Violent crime
QN0801,8,249,0.2595381526104418,Violent crime
QN0802,8,439,0.4985763097949886,Violent crime
QN0803,6,149,0.3680089485458613,Violent crime
QN0804,8,173,0.32008670520231214,Violent crime
QN0805,10,450,0.44044444444444447,Violent crime
QN0901,9,215,0.4310077519379845,Violent crime
QN0902,13,706,0.42449335367182395,Violent crime
QN0903,9,374,0.13903743315508021,Violent crime
QN0904,10,436,0.29724770642201837,Violent crime
QN0905,13,401,0.32956071360061384,Violent crime
QN1001,25,1664,0.27528846153846154,Violent crime
QN1002,7,444,0.23037323037323038,Violent crime
QN1003,4,275,0.18818181818181817,Violent crime
QN1101,13,222,0.2882882882882883,Violent crime
QN1102,13,265,0.388388969521045,Violent crime
QN1103,6,82,0.16260162601626016,Violent crime
QN1104,5,108,0.3074074074074074,Violent crime
QN1201,15,3246,0.3372766481823783,Violent crime
QN1202,14,1064,0.31176154672395273,Violent crime
QN1203,20,922,0.37581344902386116,Violent crime
QN1204,6,415,0.35542168674698793,Violent crime
QN1205,23,713,0.34026465028355385,Violent crime
QN1206,10,484,0.31611570247933884,Violent crime
QN1301,6,127,0.442257217847769,Violent crime
QN1302,6,242,0.2231404958677686,Violent crime
QN1303,20,781,0.38162612035851473,Violent crime
QN1304,13,197,0.38500585708707535,Violent crime
QN1305,11,322,0.35290796160361376,Violent crime
QN1306,7,483,0.5164152617568767,Violent crime
QN1307,8,374,0.22192513368983957,Violent crime
QN1401,11,1412,0.30891063610610353,Violent crime
QN1402,9,894,0.19264230673626648,Violent crime
QN1403,7,177,0.5924132364810331,Violent crime
SI0101,6,749,0.23386737872719182,Violent crime
SI0102,5,632,0.4215189873417722,Violent crime
SI0103,7,351,0.38583638583638585,Violent crime
SI0104,12,433,0.42628945342571206,Violent crime
SI0105,8,156,0.15384615384615385,Violent crime
SI0106,6,545,0.26636085626911316,Violent crime
SI0107,8,549,0.25250455373406194,Violent crime
SI0201,9,363,0.3654729109274564,Violent crime
SI0202,6,278,0.26498800959232616,Violent crime
SI0203,9,135,0.2716049382716049,Violent crime
SI0204,9,270,0.36460905349794237,Violent crime
SI0301,5,123,0.4,Violent crime
SI0302,11,170,0.2823529411764706,Violent crime
SI0303,7,93,0.18125960061443933,Violent crime
SI0304,7,170,0.2453781512605042,Violent crime
SI0305,4,136,0.26838235294117646,Violent crime
BK0101,15,1489,0.30570852921423775,Property crime
BK0102,13,3148,0.25574235167627796,Property crime
BK0103,10,837,0.27323775388291516,Property crime
BK0104,16,2876,0.32523470097357443,Property crime
BK0201,6,825,0.2595959595959596,Property crime
BK0202,11,3159,0.3978243978243978,Property crime
BK0203,11,1329,0.4182228606607839,Property crime
BK0204,7,853,0.13063138502763355,Property crime
BK0301,21,2495,0.24345834526195248,Property crime
BK0302,23,2866,0.19515155192815317,Property crime
BK0401,13,2411,0.18715502664071723,Property crime
BK0402,16,1936,0.1790418388429752,Property crime
BK0501,14,1209,0.16832092638544252,Property crime
BK0502,13,1631,0.24939866999952837,Property crime
BK0503,14,2055,0.25801181786583244,Property crime
BK0504,4,1278,0.5117370892018779,Property crime
BK0505,12,1434,0.2900976290097629,Property crime
BK0601,21,1893,0.26116267954619776,Property crime
BK0602,16,2001,0.37446901549225386,Property crime
BK0701,8,431,0.14704176334106728,Property crime
BK0702,18,1508,0.2832301797819039,Property crime
BK0703,14,1509,0.31321594244059453,Property crime
BK0801,6,605,0.20027548209366391,Property crime
BK0802,22,2390,0.20825408900722708,Property crime
BK0901,13,952,0.16531997414350355,Property crime
BK0902,14,1059,0.19486038041278833,Property crime
BK1001,28,1627,0.3033848450259022,Property crime
BK1002,17,859,0.2878860508114771,Property crime
BK1101,28,1835,0.220766835344492,Property crime
BK1102,11,615,0.21138211382113822,Property crime
BK1103,16,1399,0.26657433881343817,Property crime
BK1201,10,793,0.30327868852459017,Property crime
BK1202,21,1012,0.16638434029738378,Property crime
BK1203,10,715,0.18727272727272729,Property crime
BK1204,16,732,0.21362704918032788,Property crime
BK1301,7,695,0.17183967112024667,Property crime
BK1302,12,1376,0.422359496124031,Property crime
BK1303,8,764,0.20091623036649214,Property crime
BK1401,18,1290,0.23006029285099053,Property crime
BK1402,11,706,0.15838269379345868,Property crime
BK1403,16,918,0.21146514161220042,Property crime
BK1501,18,1154,0.2568842672828808,Property crime
BK1502,15,1010,0.28277227722772275,Property crime
BK1503,20,1828,0.3147702407002188,Property crime
BK1601,10,1179,0.18668363019508058,Property crime
BK1602,14,1695,0.2308048883270122,Property crime
BK1701,11,1418,0.2323374791639954,Property crime
BK1702,14,783,0.2071702244116037,Property crime
BK1703,16,1028,0.24282587548638132,Property crime
BK1704,9,984,0.23735320686540198,Property crime
BK1801,27,1614,0.2908348249116527,Property crime
BK1802,19,1618,0.5429054713421378,Property crime
BK1803,34,1723,0.2524495578846745,Property crime
BX0101,15,3304,0.28361581920903955,Property crime
BX0102,8,2508,0.3583532695374801,Property crime
BX0201,6,1389,0.275377969762419,Property crime
BX0202,9,1923,0.260934881839718,Property crime
BX0301,7,1601,0.11564200945837423,Property crime
BX0302,6,1014,0.23175542406311636,Property crime
BX0303,7,1564,0.2453416149068323,Property crime
BX0401,14,3222,0.44471047264343355,Property crime
BX0402,5,1033,0.1920619554695063,Property crime
BX0403,12,1917,0.22339593114241002,Property crime
BX0501,13,1709,0.22478282396363145,Property crime
BX0502,10,1654,0.18125755743651753,Property crime
BX0503,7,1226,0.25681659286879516,Property crime
BX0601,5,868,0.21474654377880184,Property crime
BX0602,9,1579,0.3013158820631905,Property crime
BX0603,7,1903,0.17731401546430448,Property crime
BX0701,9,1775,0.2425039123630673,Property crime
BX0702,11,1496,0.32231404958677684,Property crime
BX0703,8,1486,0.2385598923283984,Property crime
BX0801,6,1077,0.1787372330547818,Property crime
BX0802,5,1430,0.17594405594405593,Property crime
BX0803,14,1833,0.28411659262723093,Property crime
BX0901,15,3002,0.16575616255829448,Property crime
BX0902,8,1580,0.36123417721518986,Property crime
BX0903,9,1983,0.31960553594441643,Property crime
BX0904,5,867,0.07750865051903114,Property crime
BX1001,5,854,0.27775175644028105,Property crime
BX1002,14,1765,0.2945770942938082,Property crime
BX1003,6,1015,0.2458128078817734,Property crime
BX1004,7,1255,0.5532157085941947,Property crime
BX1101,9,1298,0.1566512583461736,Property crime
BX1102,10,1247,0.20473135525260625,Property crime
BX1103,10,1245,0.23413654618473895,Property crime
BX1104,9,1342,0.15250869349230006,Property crime
BX1201,20,2218,0.22461677186654644,Property crime
BX1202,12,2233,0.24014778325123154,Property crime
BX1203,16,2039,0.24684281510544384,Property crime
MN0101,7,2469,0.19822947404964417,Property crime
MN0102,5,1665,0.2878078078078078,Property crime
MN0201,6,3785,0.30422721268163805,Property crime
MN0202,7,3521,0.30234917028441594,Property crime
MN0203,7,3555,0.2382157926461724,Property crime
MN0301,7,1599,0.35021888680425267,Property crime
MN0302,10,2959,0.44038526529232846,Property crime
MN0303,14,4064,0.3394966254218223,Property crime
MN0401,13,4237,0.24135364281694233,Property crime
MN0402,10,3075,0.2655284552845528,Property crime
MN0501,8,7140,0.35,Property crime
MN0502,14,10536,0.25919297103807354,Property crime
MN0601,2,252,0.2896825396825397,Property crime
MN0602,4,1227,0.18928280358598207,Property crime
MN0603,9,2470,0.30472334682860996,Property crime
MN0604,10,2160,0.2025925925925926,Property crime
MN0701,11,2616,0.3449402279677509,Property crime
MN0702,12,2943,0.10604258692943708,Property crime
MN0703,6,1431,0.07255998136501281,Property crime
MN0801,14,2731,0.4821624731914003,Property crime
MN0802,14,3279,0.17102339563455757,Property crime
MN0803,14,2160,0.33835978835978836,Property crime
MN0901,8,1334,0.27942278860569714,Property crime
MN0902,5,978,0.2425357873210634,Property crime
MN0903,7,1676,0.10773951585407433,Property crime
MN1001,10,2282,0.2821209465381245,Property crime
MN1002,15,2648,0.1754783484390735,Property crime
MN1101,11,2153,0.26626694253261834,Property crime
MN1102,12,3140,0.1688428874734607,Property crime
MN1201,11,2267,0.28215102057184105,Property crime
MN1202,12,2383,0.33175968666946426,Property crime
MN1203,6,1196,0.19342251950947603,Property crime
QN0101,17,1290,0.3271317829457364,Property crime
QN0102,6,377,0.13218390804597702,Property crime
QN0103,11,1269,0.13152804642166344,Property crime
QN0104,14,1207,0.2944135400639129,Property crime
QN0105,12,1404,0.26839981006647673,Property crime
QN0201,9,1565,0.3126730564430245,Property crime
QN0202,18,1605,0.23001038421599168,Property crime
QN0203,14,1485,0.2448773448773449,Property crime
QN0301,20,2923,0.2916695176188847,Property crime
QN0302,10,1012,0.24071146245059288,Property crime
QN0303,10,806,0.21910669975186103,Property crime
QN0401,23,4277,0.42575555804047943,Property crime
QN0402,17,1597,0.24391321963976573,Property crime
QN0501,20,1474,0.24932157394843962,Property crime
QN0502,19,1837,0.275907515113314,Property crime
QN0503,13,945,0.32722832722832723,Property crime
QN0504,14,787,0.23860954801234344,Property crime
QN0601,8,920,0.23668478260869566,Property crime
QN0602,24,1908,0.29865478686233404,Property crime
QN0701,7,1103,0.25540733065665067,Property crime
QN0702,7,841,0.19398675046713096,Property crime
QN0703,5,518,0.33204633204633205,Property crime
QN0704,15,1510,0.24653421633554085,Property crime
QN0705,14,736,0.15683229813664595,Property crime
QN0706,5,848,0.10613207547169812,Property crime
QN0707,14,3421,0.49281747191715036,Property crime
QN0801,8,885,0.2600282485875706,Property crime
QN0802,8,881,0.21750851305334848,Property crime
QN0803,6,974,0.19849418206707733,Property crime
QN0804,8,793,0.2646595208070618,Property crime
QN0805,10,947,0.3386483632523759,Property crime
QN0901,9,485,0.2900343642611684,Property crime
QN0902,13,801,0.2289445884951503,Property crime
QN0903,9,367,0.15440508628519528,Property crime
QN0904,10,511,0.1802348336594912,Property crime
QN0905,13,827,0.16631011068737792,Property crime
QN1001,25,2403,0.29463171036204744,Property crime
QN1002,7,808,0.22383309759547385,Property crime
QN1003,4,872,0.20470183486238533,Property crime
QN1101,13,1327,0.20508956002550577,Property crime
QN1102,13,1484,0.15218743520630312,Property crime
QN1103,6,779,0.13329054343175012,Property crime
QN1104,5,796,0.16834170854271358,Property crime
QN1201,15,2714,0.3119626627364284,Property crime
QN1202,14,982,0.21952283968577246,Property crime
QN1203,20,1085,0.34861751152073733,Property crime
QN1204,6,560,0.34226190476190477,Property crime
QN1205,23,922,0.3114212958596624,Property crime
QN1206,10,602,0.2770764119601329,Property crime
QN1301,6,472,0.2365819209039548,Property crime
QN1302,6,689,0.23778422835026608,Property crime
QN1303,20,1321,0.2888342165026495,Property crime
QN1304,13,338,0.17523896222121074,Property crime
QN1305,11,640,0.2525568181818182,Property crime
QN1306,7,800,0.46535714285714286,Property crime
QN1307,8,583,0.18975128644939965,Property crime
QN1401,11,1061,0.20169651272384542,Property crime
QN1402,9,790,0.2807313642756681,Property crime
QN1403,7,415,0.29948364888123924,Property crime
SI0101,6,488,0.21174863387978143,Property crime
SI0102,5,446,0.32825112107623317,Property crime
SI0103,7,407,0.25552825552825553,Property crime
SI0104,12,601,0.27939545202440375,Property crime
SI0105,8,539,0.17648423005565864,Property crime
SI0106,6,521,0.1743442098528471,Property crime
SI0107,8,531,0.1946798493408663,Property crime
SI0201,9,714,0.14752567693744165,Property crime
SI0202,6,583,0.3021726700971984,Property crime
SI0203,9,516,0.16925064599483206,Property crime
SI0204,9,984,0.3879855465221319,Property crime
SI0301,5,321,0.2641744548286604,Property crime
SI0302,11,662,0.1282614666300467,Property crime
SI0303,7,351,0.16361416361416362,Property crime
SI0304,7,540,0.12328042328042328,Property crime
SI0305,4,472,0.2870762711864407,Property crime
BK0101,15,1976,0.33427800269905533,7 Major Felonies
BK0102,13,4138,0.23932037030152062,7 Major Felonies
BK0103,10,1235,0.3474493927125506,7 Major Felonies
BK0104,16,4013,0.3187609020682781,7 Major Felonies
BK0201,6,1038,0.2964033397559409,7 Major Felonies
BK0202,11,5089,0.3543471659014988,7 Major Felonies
BK0203,11,2082,0.36468430704741944,7 Major Felonies
BK0204,7,1179,0.15267175572519084,7 Major Felonies
BK0301,21,4545,0.24445492168264446,7 Major Felonies
BK0302,23,5357,0.215272986989798,7 Major Felonies
BK0401,13,3876,0.18421052631578946,7 Major Felonies
BK0402,16,3444,0.22492015098722415,7 Major Felonies
BK0501,14,2320,0.21213054187192118,7 Major Felonies
BK0502,13,3786,0.2877808931691658,7 Major Felonies
BK0503,14,4087,0.23780978013911705,7 Major Felonies
BK0504,4,1773,0.5054991539763113,7 Major Felonies
BK0505,12,2944,0.267776268115942,7 Major Felonies
BK0601,21,2898,0.32317854678103125,7 Major Felonies
BK0602,16,2626,0.38323495811119573,7 Major Felonies
BK0701,8,553,0.16478300180831826,7 Major Felonies
BK0702,18,2524,0.31189469977108647,7 Major Felonies
BK0703,14,2306,0.2672531284846983,7 Major Felonies
BK0801,6,867,0.2116493656286044,7 Major Felonies
BK0802,22,4800,0.22196969696969698,7 Major Felonies
BK0901,13,1779,0.22510485579625547,7 Major Felonies
BK0902,14,2077,0.24248572804181856,7 Major Felonies
BK1001,28,2173,0.3072611925580172,7 Major Felonies
BK1002,17,1127,0.306070254188632,7 Major Felonies
BK1101,28,2600,0.2246978021978022,7 Major Felonies
BK1102,11,876,0.2646326276463263,7 Major Felonies
BK1103,16,1872,0.25854700854700857,7 Major Felonies
BK1201,10,1188,0.2606060606060606,7 Major Felonies
BK1202,21,1469,0.2204933709358488,7 Major Felonies
BK1203,10,1003,0.21445663010967098,7 Major Felonies
BK1204,16,920,0.21154891304347825,7 Major Felonies
BK1301,7,1064,0.11761546723952739,7 Major Felonies
BK1302,12,2876,0.43364626796476585,7 Major Felonies
BK1303,8,1234,0.21312803889789303,7 Major Felonies
BK1401,18,2684,0.21207981453883093,7 Major Felonies
BK1402,11,1263,0.19880515367451235,7 Major Felonies
BK1403,16,1247,0.23371090617481957,7 Major Felonies
BK1501,18,1730,0.2804110468850353,7 Major Felonies
BK1502,15,1376,0.30833333333333335,7 Major Felonies
BK1503,20,2655,0.3394915254237288,7 Major Felonies
BK1601,10,2677,0.21849084796413895,7 Major Felonies
BK1602,14,4450,0.24504012841091494,7 Major Felonies
BK1701,11,2807,0.2533277196618843,7 Major Felonies
BK1702,14,1434,0.24158198844391313,7 Major Felonies
BK1703,16,2023,0.2467560553633218,7 Major Felonies
BK1704,9,2332,0.29969506384600725,7 Major Felonies
BK1801,27,2503,0.2829789437859753,7 Major Felonies
BK1802,19,1923,0.5278484823603471,7 Major Felonies
BK1803,34,2931,0.282888795231501,7 Major Felonies
BX0101,15,6911,0.30305310374764866,7 Major Felonies
BX0102,8,5377,0.31953226706341825,7 Major Felonies
BX0201,6,3170,0.35562565720294426,7 Major Felonies
BX0202,9,3956,0.26216155488147397,7 Major Felonies
BX0301,7,3603,0.1567741168074224,7 Major Felonies
BX0302,6,2381,0.24310513789724206,7 Major Felonies
BX0303,7,3047,0.22532701955084627,7 Major Felonies
BX0401,14,6064,0.38520071617037316,7 Major Felonies
BX0402,5,2359,0.16447647308181432,7 Major Felonies
BX0403,12,4242,0.23931321703598932,7 Major Felonies
BX0501,13,3383,0.2613065326633166,7 Major Felonies
BX0502,10,3959,0.17527153321545844,7 Major Felonies
BX0503,7,2726,0.23488103972329943,7 Major Felonies
BX0601,5,1844,0.24859002169197397,7 Major Felonies
BX0602,9,3335,0.25640513076794935,7 Major Felonies
BX0603,7,3644,0.16708483612984162,7 Major Felonies
BX0701,9,3685,0.27607417458163724,7 Major Felonies
BX0702,11,2871,0.24964377315474495,7 Major Felonies
BX0703,8,2973,0.27728725193407333,7 Major Felonies
BX0801,6,1632,0.1636029411764706,7 Major Felonies
BX0802,5,2076,0.19595375722543354,7 Major Felonies
BX0803,14,2086,0.2840021914806191,7 Major Felonies
BX0901,15,5717,0.14217246807766312,7 Major Felonies
BX0902,8,2687,0.31312802381838484,7 Major Felonies
BX0903,9,3106,0.307719825427488,7 Major Felonies
BX0904,5,1396,0.050143266475644696,7 Major Felonies
BX1001,5,1398,0.26237482117310446,7 Major Felonies
BX1002,14,2537,0.3327045441747846,7 Major Felonies
BX1003,6,1429,0.2371121996734313,7 Major Felonies
BX1004,7,1697,0.5348935095546763,7 Major Felonies
BX1101,9,2081,0.17886699770409525,7 Major Felonies
BX1102,10,1769,0.27297908422837763,7 Major Felonies
BX1103,10,1796,0.2994432071269488,7 Major Felonies
BX1104,9,2367,0.19518377693282637,7 Major Felonies
BX1201,20,4598,0.26646367986080904,7 Major Felonies
BX1202,12,3938,0.25347045877772134,7 Major Felonies
BX1203,16,3452,0.3102911355735805,7 Major Felonies
MN0101,7,3123,0.22487534879465715,7 Major Felonies
MN0102,5,2424,0.19438943894389438,7 Major Felonies
MN0201,6,4314,0.282645649822284,7 Major Felonies
MN0202,7,4462,0.3059486457066018,7 Major Felonies
MN0203,7,4337,0.22919068480516486,7 Major Felonies
MN0301,7,2566,0.31043313662175703,7 Major Felonies
MN0302,10,4280,0.39299065420560747,7 Major Felonies
MN0303,14,5473,0.3031113779332307,7 Major Felonies
MN0401,13,5739,0.2607530124519147,7 Major Felonies
MN0402,10,4418,0.2958804889090086,7 Major Felonies
MN0501,8,8921,0.3466959982064791,7 Major Felonies
MN0502,14,13403,0.2890877308918046,7 Major Felonies
MN0601,2,294,0.2755102040816326,7 Major Felonies
MN0602,4,1661,0.16902468392534617,7 Major Felonies
MN0603,9,3390,0.2969518190757129,7 Major Felonies
MN0604,10,2722,0.22299779573842762,7 Major Felonies
MN0701,11,3272,0.32585018893087353,7 Major Felonies
MN0702,12,3823,0.1279318162001918,7 Major Felonies
MN0703,6,2145,0.10932400932400932,7 Major Felonies
MN0801,14,3256,0.4496753246753247,7 Major Felonies
MN0802,14,3894,0.1951353731014748,7 Major Felonies
MN0803,14,2685,0.3453312051077414,7 Major Felonies
MN0901,8,1906,0.2838405036726128,7 Major Felonies
MN0902,5,1826,0.28871851040525737,7 Major Felonies
MN0903,7,2764,0.1216663221004755,7 Major Felonies
MN1001,10,3829,0.27236876469051974,7 Major Felonies
MN1002,15,5654,0.1810399717014503,7 Major Felonies
MN1101,11,4327,0.28535411895707713,7 Major Felonies
MN1102,12,6226,0.18561944533675984,7 Major Felonies
MN1201,11,4015,0.2738367485565493,7 Major Felonies
MN1202,12,3768,0.34806263269639065,7 Major Felonies
MN1203,6,2080,0.2618589743589744,7 Major Felonies
QN0101,17,1760,0.3181149732620321,7 Major Felonies
QN0102,6,650,0.25435897435897437,7 Major Felonies
QN0103,11,1887,0.15715180421062774,7 Major Felonies
QN0104,14,1854,0.2693789489905995,7 Major Felonies
QN0105,12,2511,0.2911522633744856,7 Major Felonies
QN0201,9,2151,0.3086936308693631,7 Major Felonies
QN0202,18,2300,0.21463768115942028,7 Major Felonies
QN0203,14,2184,0.2615122972265829,7 Major Felonies
QN0301,20,4588,0.31582388840453357,7 Major Felonies
QN0302,10,1484,0.19716981132075473,7 Major Felonies
QN0303,10,1900,0.17442105263157895,7 Major Felonies
QN0401,23,7201,0.38862959854609563,7 Major Felonies
QN0402,17,3476,0.2156975563528058,7 Major Felonies
QN0501,20,1848,0.25091991341991343,7 Major Felonies
QN0502,19,2929,0.24811773373344595,7 Major Felonies
QN0503,13,1295,0.3438075438075438,7 Major Felonies
QN0504,14,1002,0.2583404619332763,7 Major Felonies
QN0601,8,1202,0.25,7 Major Felonies
QN0602,24,2469,0.32308964493047115,7 Major Felonies
QN0701,7,1467,0.20917323984808647,7 Major Felonies
QN0702,7,954,0.18778077268643306,7 Major Felonies
QN0703,5,599,0.31853088480801334,7 Major Felonies
QN0704,15,1883,0.23168702425208001,7 Major Felonies
QN0705,14,1029,0.20262390670553937,7 Major Felonies
QN0706,5,1137,0.11081794195250659,7 Major Felonies
QN0707,14,4976,0.4717501148369316,7 Major Felonies
QN0801,8,1134,0.23919753086419754,7 Major Felonies
QN0802,8,1320,0.27386363636363636,7 Major Felonies
QN0803,6,1123,0.21712674384090236,7 Major Felonies
QN0804,8,966,0.25957556935817805,7 Major Felonies
QN0805,10,1397,0.36442376521116676,7 Major Felonies
QN0901,9,700,0.3107936507936508,7 Major Felonies
QN0902,13,1507,0.31504262161196467,7 Major Felonies
QN0903,9,741,0.12985455090718248,7 Major Felonies
QN0904,10,947,0.21995776135163675,7 Major Felonies
QN0905,13,1228,0.2032072162365322,7 Major Felonies
QN1001,25,4067,0.2650405704450455,7 Major Felonies
QN1002,7,1252,0.22455499771793702,7 Major Felonies
QN1003,4,1147,0.19507410636442896,7 Major Felonies
QN1101,13,1549,0.2130406714009038,7 Major Felonies
QN1102,13,1749,0.16932752781809385,7 Major Felonies
QN1103,6,861,0.12408052651955091,7 Major Felonies
QN1104,5,904,0.1831858407079646,7 Major Felonies
QN1201,15,5960,0.3156823266219239,7 Major Felonies
QN1202,14,2046,0.26344086021505375,7 Major Felonies
QN1203,20,2007,0.3474588938714499,7 Major Felonies
QN1204,6,975,0.33863247863247864,7 Major Felonies
QN1205,23,1635,0.3050126312990294,7 Major Felonies
QN1206,10,1086,0.2839779005524862,7 Major Felonies
QN1301,6,599,0.24457429048414023,7 Major Felonies
QN1302,6,931,0.152703186537773,7 Major Felonies
QN1303,20,2102,0.3061845861084681,7 Major Felonies
QN1304,13,535,0.2240115025161754,7 Major Felonies
QN1305,11,962,0.2761292761292761,7 Major Felonies
QN1306,7,1283,0.4841331700256096,7 Major Felonies
QN1307,8,957,0.19239811912225704,7 Major Felonies
QN1401,11,2473,0.2532073668345403,7 Major Felonies
QN1402,9,1684,0.21720770651887042,7 Major Felonies
QN1403,7,592,0.3841698841698842,7 Major Felonies
SI0101,6,1237,0.20816491511721907,7 Major Felonies
SI0102,5,1078,0.3614100185528757,7 Major Felonies
SI0103,7,758,0.2955145118733509,7 Major Felonies
SI0104,12,1034,0.29045776918117344,7 Major Felonies
SI0105,8,695,0.16097122302158273,7 Major Felonies
SI0106,6,1066,0.18449030644152595,7 Major Felonies
SI0107,8,1080,0.21226851851851852,7 Major Felonies
SI0201,9,1077,0.2042711234911792,7 Major Felonies
SI0202,6,861,0.27584204413472707,7 Major Felonies
SI0203,9,651,0.17033623485236388,7 Major Felonies
SI0204,9,1254,0.3827751196172249,7 Major Felonies
SI0301,5,444,0.2747747747747748,7 Major Felonies
SI0302,11,832,0.1284965034965035,7 Major Felonies
SI0303,7,444,0.15701415701415702,7 Major Felonies
SI0304,7,710,0.13963782696177063,7 Major Felonies
SI0305,4,608,0.2565789473684211,7 Major Felonies
